trial,alpha,stoptime,gflag_idx,alg
0,0.01,1049,103,unif
0,0.01,1029,103,max
0,0.01,1302,103,bonf
0,0.01,2075,103,innerprod
0,0.01,1071,103,avg
0,0.020000000000000004,1115,103,unif
0,0.020000000000000004,1026,103,max
0,0.020000000000000004,1195,103,bonf
0,0.020000000000000004,2013,103,innerprod
0,0.020000000000000004,1070,103,avg
0,0.030000000000000006,1049,79,unif
0,0.030000000000000006,1006,103,max
0,0.030000000000000006,1161,103,bonf
0,0.030000000000000006,1971,103,innerprod
0,0.030000000000000006,1056,103,avg
0,0.04000000000000001,1066,79,unif
0,0.04000000000000001,403,79,max
0,0.04000000000000001,1161,103,bonf
0,0.04000000000000001,1873,103,innerprod
0,0.04000000000000001,1056,103,avg
0,0.05000000000000001,1042,103,unif
0,0.05000000000000001,403,79,max
0,0.05000000000000001,1152,103,bonf
0,0.05000000000000001,1534,103,innerprod
0,0.05000000000000001,1056,103,avg
0,0.06000000000000001,420,79,unif
0,0.06000000000000001,342,79,max
0,0.06000000000000001,1135,103,bonf
0,0.06000000000000001,1529,103,innerprod
0,0.06000000000000001,1056,103,avg
0,0.07,343,79,unif
0,0.07,294,79,max
0,0.07,1135,103,bonf
0,0.07,1411,103,innerprod
0,0.07,1034,103,avg
0,0.08,409,5,unif
0,0.08,228,34,max
0,0.08,1078,103,bonf
0,0.08,1403,103,innerprod
0,0.08,1034,103,avg
0,0.09000000000000001,346,79,unif
0,0.09000000000000001,141,34,max
0,0.09000000000000001,1078,103,bonf
0,0.09000000000000001,1395,103,innerprod
0,0.09000000000000001,1034,103,avg
0,0.1,284,79,unif
0,0.1,141,34,max
0,0.1,1078,103,bonf
0,0.1,1391,103,innerprod
0,0.1,1034,103,avg
1,0.01,971,6,unif
1,0.01,380,51,max
1,0.01,1861,80,bonf
1,0.01,1627,103,innerprod
1,0.01,955,6,avg
1,0.020000000000000004,1004,80,unif
1,0.020000000000000004,282,51,max
1,0.020000000000000004,1837,80,bonf
1,0.020000000000000004,1205,103,innerprod
1,0.020000000000000004,919,6,avg
1,0.030000000000000006,805,80,unif
1,0.030000000000000006,126,34,max
1,0.030000000000000006,1825,80,bonf
1,0.030000000000000006,956,103,innerprod
1,0.030000000000000006,919,6,avg
1,0.04000000000000001,287,51,unif
1,0.04000000000000001,126,34,max
1,0.04000000000000001,1810,80,bonf
1,0.04000000000000001,901,103,innerprod
1,0.04000000000000001,903,6,avg
1,0.05000000000000001,147,80,unif
1,0.05000000000000001,116,34,max
1,0.05000000000000001,1756,80,bonf
1,0.05000000000000001,876,103,innerprod
1,0.05000000000000001,880,80,avg
1,0.06000000000000001,166,34,unif
1,0.06000000000000001,116,34,max
1,0.06000000000000001,1756,80,bonf
1,0.06000000000000001,875,103,innerprod
1,0.06000000000000001,880,80,avg
1,0.07,125,34,unif
1,0.07,116,34,max
1,0.07,1756,80,bonf
1,0.07,862,103,innerprod
1,0.07,876,80,avg
1,0.08,131,86,unif
1,0.08,116,34,max
1,0.08,1746,80,bonf
1,0.08,791,104,innerprod
1,0.08,862,80,avg
1,0.09000000000000001,139,6,unif
1,0.09000000000000001,116,34,max
1,0.09000000000000001,1676,80,bonf
1,0.09000000000000001,790,104,innerprod
1,0.09000000000000001,862,80,avg
1,0.1,184,80,unif
1,0.1,115,34,max
1,0.1,1676,80,bonf
1,0.1,741,104,innerprod
1,0.1,862,80,avg
2,0.01,228,103,unif
2,0.01,191,103,max
2,0.01,2275,103,bonf
2,0.01,2398,103,innerprod
2,0.01,1626,103,avg
2,0.020000000000000004,234,46,unif
2,0.020000000000000004,190,103,max
2,0.020000000000000004,2223,103,bonf
2,0.020000000000000004,2219,103,innerprod
2,0.020000000000000004,235,103,avg
2,0.030000000000000006,194,103,unif
2,0.030000000000000006,188,103,max
2,0.030000000000000006,2219,103,bonf
2,0.030000000000000006,2170,103,innerprod
2,0.030000000000000006,235,103,avg
2,0.04000000000000001,206,103,unif
2,0.04000000000000001,188,103,max
2,0.04000000000000001,2188,103,bonf
2,0.04000000000000001,2101,103,innerprod
2,0.04000000000000001,208,103,avg
2,0.05000000000000001,189,46,unif
2,0.05000000000000001,153,103,max
2,0.05000000000000001,2185,103,bonf
2,0.05000000000000001,2084,103,innerprod
2,0.05000000000000001,208,103,avg
2,0.06000000000000001,246,103,unif
2,0.06000000000000001,141,103,max
2,0.06000000000000001,2185,103,bonf
2,0.06000000000000001,2080,103,innerprod
2,0.06000000000000001,191,103,avg
2,0.07,244,80,unif
2,0.07,141,103,max
2,0.07,2175,103,bonf
2,0.07,2056,103,innerprod
2,0.07,191,103,avg
2,0.08,205,46,unif
2,0.08,141,103,max
2,0.08,2172,103,bonf
2,0.08,1704,103,innerprod
2,0.08,191,103,avg
2,0.09000000000000001,187,103,unif
2,0.09000000000000001,141,103,max
2,0.09000000000000001,2172,103,bonf
2,0.09000000000000001,1626,103,innerprod
2,0.09000000000000001,191,103,avg
2,0.1,220,80,unif
2,0.1,141,103,max
2,0.1,2170,103,bonf
2,0.1,1622,103,innerprod
2,0.1,191,103,avg
3,0.01,307,29,unif
3,0.01,280,29,max
3,0.01,741,46,bonf
3,0.01,1059,103,innerprod
3,0.01,294,103,avg
3,0.020000000000000004,343,103,unif
3,0.020000000000000004,264,29,max
3,0.020000000000000004,710,46,bonf
3,0.020000000000000004,949,103,innerprod
3,0.020000000000000004,294,103,avg
3,0.030000000000000006,255,29,unif
3,0.030000000000000006,252,29,max
3,0.030000000000000006,402,46,bonf
3,0.030000000000000006,750,103,innerprod
3,0.030000000000000006,292,103,avg
3,0.04000000000000001,255,29,unif
3,0.04000000000000001,158,29,max
3,0.04000000000000001,386,103,bonf
3,0.04000000000000001,738,103,innerprod
3,0.04000000000000001,292,103,avg
3,0.05000000000000001,240,29,unif
3,0.05000000000000001,158,29,max
3,0.05000000000000001,386,103,bonf
3,0.05000000000000001,658,103,innerprod
3,0.05000000000000001,292,103,avg
3,0.06000000000000001,161,29,unif
3,0.06000000000000001,158,29,max
3,0.06000000000000001,383,103,bonf
3,0.06000000000000001,587,103,innerprod
3,0.06000000000000001,286,29,avg
3,0.07,178,29,unif
3,0.07,145,29,max
3,0.07,329,103,bonf
3,0.07,538,103,innerprod
3,0.07,286,29,avg
3,0.08,353,29,unif
3,0.08,145,29,max
3,0.08,329,103,bonf
3,0.08,515,103,innerprod
3,0.08,280,29,avg
3,0.09000000000000001,192,29,unif
3,0.09000000000000001,109,29,max
3,0.09000000000000001,329,103,bonf
3,0.09000000000000001,513,103,innerprod
3,0.09000000000000001,280,29,avg
3,0.1,172,80,unif
3,0.1,109,29,max
3,0.1,329,103,bonf
3,0.1,505,103,innerprod
3,0.1,280,29,avg
4,0.01,2241,103,unif
4,0.01,1730,103,max
4,0.01,2512,103,bonf
4,0.01,2733,103,innerprod
4,0.01,2246,103,avg
4,0.020000000000000004,2255,6,unif
4,0.020000000000000004,1711,103,max
4,0.020000000000000004,2492,103,bonf
4,0.020000000000000004,2622,103,innerprod
4,0.020000000000000004,2203,103,avg
4,0.030000000000000006,2146,80,unif
4,0.030000000000000006,266,86,max
4,0.030000000000000006,2454,103,bonf
4,0.030000000000000006,2526,103,innerprod
4,0.030000000000000006,2198,6,avg
4,0.04000000000000001,1537,86,unif
4,0.04000000000000001,264,86,max
4,0.04000000000000001,2379,103,bonf
4,0.04000000000000001,2457,103,innerprod
4,0.04000000000000001,2197,6,avg
4,0.05000000000000001,1772,103,unif
4,0.05000000000000001,264,86,max
4,0.05000000000000001,2373,103,bonf
4,0.05000000000000001,2373,103,innerprod
4,0.05000000000000001,2146,103,avg
4,0.06000000000000001,1508,86,unif
4,0.06000000000000001,264,86,max
4,0.06000000000000001,2373,103,bonf
4,0.06000000000000001,2372,103,innerprod
4,0.06000000000000001,2143,103,avg
4,0.07,1698,103,unif
4,0.07,264,86,max
4,0.07,2372,103,bonf
4,0.07,2326,103,innerprod
4,0.07,2143,103,avg
4,0.08,266,86,unif
4,0.08,262,86,max
4,0.08,2368,103,bonf
4,0.08,2267,103,innerprod
4,0.08,2143,103,avg
4,0.09000000000000001,1388,86,unif
4,0.09000000000000001,262,86,max
4,0.09000000000000001,2267,6,bonf
4,0.09000000000000001,2251,103,innerprod
4,0.09000000000000001,2143,103,avg
4,0.1,279,86,unif
4,0.1,262,86,max
4,0.1,2267,6,bonf
4,0.1,2247,103,innerprod
4,0.1,2143,103,avg
5,0.01,1738,103,unif
5,0.01,1520,103,max
5,0.01,4046,103,bonf
5,0.01,2866,103,innerprod
5,0.01,1693,103,avg
5,0.020000000000000004,1585,103,unif
5,0.020000000000000004,593,103,max
5,0.020000000000000004,3656,103,bonf
5,0.020000000000000004,2356,103,innerprod
5,0.020000000000000004,1690,103,avg
5,0.030000000000000006,1335,87,unif
5,0.030000000000000006,591,103,max
5,0.030000000000000006,3488,103,bonf
5,0.030000000000000006,1866,103,innerprod
5,0.030000000000000006,1611,103,avg
5,0.04000000000000001,860,103,unif
5,0.04000000000000001,591,103,max
5,0.04000000000000001,3470,103,bonf
5,0.04000000000000001,1705,103,innerprod
5,0.04000000000000001,1522,103,avg
5,0.05000000000000001,593,103,unif
5,0.05000000000000001,483,46,max
5,0.05000000000000001,3404,103,bonf
5,0.05000000000000001,1679,103,innerprod
5,0.05000000000000001,1522,103,avg
5,0.06000000000000001,701,46,unif
5,0.06000000000000001,453,80,max
5,0.06000000000000001,3385,103,bonf
5,0.06000000000000001,1643,103,innerprod
5,0.06000000000000001,1520,103,avg
5,0.07,456,46,unif
5,0.07,428,46,max
5,0.07,3385,103,bonf
5,0.07,1608,103,innerprod
5,0.07,1517,103,avg
5,0.08,588,103,unif
5,0.08,428,46,max
5,0.08,3344,103,bonf
5,0.08,1522,103,innerprod
5,0.08,1516,14,avg
5,0.09000000000000001,433,80,unif
5,0.09000000000000001,428,46,max
5,0.09000000000000001,3344,103,bonf
5,0.09000000000000001,1520,103,innerprod
5,0.09000000000000001,1471,14,avg
5,0.1,619,87,unif
5,0.1,428,46,max
5,0.1,3343,103,bonf
5,0.1,1516,103,innerprod
5,0.1,1471,14,avg
6,0.01,703,46,unif
6,0.01,232,46,max
6,0.01,1786,103,bonf
6,0.01,2337,103,innerprod
6,0.01,1441,103,avg
6,0.020000000000000004,567,46,unif
6,0.020000000000000004,221,46,max
6,0.020000000000000004,1538,103,bonf
6,0.020000000000000004,2057,103,innerprod
6,0.020000000000000004,1275,103,avg
6,0.030000000000000006,230,46,unif
6,0.030000000000000006,221,46,max
6,0.030000000000000006,1501,103,bonf
6,0.030000000000000006,1786,103,innerprod
6,0.030000000000000006,1260,46,avg
6,0.04000000000000001,221,46,unif
6,0.04000000000000001,201,46,max
6,0.04000000000000001,1486,103,bonf
6,0.04000000000000001,1780,103,innerprod
6,0.04000000000000001,726,46,avg
6,0.05000000000000001,472,46,unif
6,0.05000000000000001,201,46,max
6,0.05000000000000001,1481,103,bonf
6,0.05000000000000001,1744,103,innerprod
6,0.05000000000000001,726,46,avg
6,0.06000000000000001,252,46,unif
6,0.06000000000000001,198,46,max
6,0.06000000000000001,1477,103,bonf
6,0.06000000000000001,1727,103,innerprod
6,0.06000000000000001,726,46,avg
6,0.07,362,46,unif
6,0.07,198,46,max
6,0.07,1474,103,bonf
6,0.07,1533,103,innerprod
6,0.07,498,46,avg
6,0.08,470,46,unif
6,0.08,198,46,max
6,0.08,1474,103,bonf
6,0.08,1509,103,innerprod
6,0.08,498,46,avg
6,0.09000000000000001,270,46,unif
6,0.09000000000000001,198,46,max
6,0.09000000000000001,1474,103,bonf
6,0.09000000000000001,1501,103,innerprod
6,0.09000000000000001,498,46,avg
6,0.1,270,46,unif
6,0.1,196,46,max
6,0.1,1474,103,bonf
6,0.1,1481,103,innerprod
6,0.1,498,46,avg
7,0.01,455,79,unif
7,0.01,427,79,max
7,0.01,4711,103,bonf
7,0.01,2517,103,innerprod
7,0.01,2004,51,avg
7,0.020000000000000004,439,103,unif
7,0.020000000000000004,407,79,max
7,0.020000000000000004,4162,103,bonf
7,0.020000000000000004,2176,103,innerprod
7,0.020000000000000004,917,79,avg
7,0.030000000000000006,643,79,unif
7,0.030000000000000006,394,79,max
7,0.030000000000000006,4152,103,bonf
7,0.030000000000000006,2037,103,innerprod
7,0.030000000000000006,917,79,avg
7,0.04000000000000001,994,79,unif
7,0.04000000000000001,394,79,max
7,0.04000000000000001,3651,103,bonf
7,0.04000000000000001,2001,103,innerprod
7,0.04000000000000001,902,79,avg
7,0.05000000000000001,408,103,unif
7,0.05000000000000001,392,79,max
7,0.05000000000000001,3413,103,bonf
7,0.05000000000000001,1980,103,innerprod
7,0.05000000000000001,902,79,avg
7,0.06000000000000001,464,103,unif
7,0.06000000000000001,381,103,max
7,0.06000000000000001,3330,103,bonf
7,0.06000000000000001,1869,103,innerprod
7,0.06000000000000001,902,79,avg
7,0.07,429,103,unif
7,0.07,381,103,max
7,0.07,3328,103,bonf
7,0.07,1852,103,innerprod
7,0.07,902,79,avg
7,0.08,471,28,unif
7,0.08,381,103,max
7,0.08,3328,103,bonf
7,0.08,1830,103,innerprod
7,0.08,441,103,avg
7,0.09000000000000001,531,79,unif
7,0.09000000000000001,381,103,max
7,0.09000000000000001,3326,103,bonf
7,0.09000000000000001,1683,103,innerprod
7,0.09000000000000001,441,103,avg
7,0.1,401,103,unif
7,0.1,381,103,max
7,0.1,3326,103,bonf
7,0.1,1681,103,innerprod
7,0.1,441,103,avg
8,0.01,268,51,unif
8,0.01,212,103,max
8,0.01,685,103,bonf
8,0.01,1007,103,innerprod
8,0.01,223,103,avg
8,0.020000000000000004,243,103,unif
8,0.020000000000000004,188,103,max
8,0.020000000000000004,677,103,bonf
8,0.020000000000000004,823,103,innerprod
8,0.020000000000000004,218,103,avg
8,0.030000000000000006,193,51,unif
8,0.030000000000000006,155,103,max
8,0.030000000000000006,669,103,bonf
8,0.030000000000000006,730,103,innerprod
8,0.030000000000000006,218,103,avg
8,0.04000000000000001,244,51,unif
8,0.04000000000000001,155,103,max
8,0.04000000000000001,305,103,bonf
8,0.04000000000000001,689,103,innerprod
8,0.04000000000000001,218,103,avg
8,0.05000000000000001,178,103,unif
8,0.05000000000000001,151,103,max
8,0.05000000000000001,305,103,bonf
8,0.05000000000000001,677,103,innerprod
8,0.05000000000000001,218,103,avg
8,0.06000000000000001,59,86,unif
8,0.06000000000000001,57,86,max
8,0.06000000000000001,269,103,bonf
8,0.06000000000000001,656,103,innerprod
8,0.06000000000000001,217,103,avg
8,0.07,157,51,unif
8,0.07,57,86,max
8,0.07,262,103,bonf
8,0.07,640,103,innerprod
8,0.07,217,103,avg
8,0.08,71,103,unif
8,0.08,47,86,max
8,0.08,262,103,bonf
8,0.08,612,103,innerprod
8,0.08,212,103,avg
8,0.09000000000000001,109,86,unif
8,0.09000000000000001,47,86,max
8,0.09000000000000001,262,103,bonf
8,0.09000000000000001,353,103,innerprod
8,0.09000000000000001,212,103,avg
8,0.1,96,86,unif
8,0.1,22,103,max
8,0.1,262,103,bonf
8,0.1,347,103,innerprod
8,0.1,212,103,avg
9,0.01,574,79,unif
9,0.01,284,79,max
9,0.01,2367,103,bonf
9,0.01,2231,103,innerprod
9,0.01,460,79,avg
9,0.020000000000000004,459,79,unif
9,0.020000000000000004,283,79,max
9,0.020000000000000004,2346,103,bonf
9,0.020000000000000004,2068,103,innerprod
9,0.020000000000000004,460,79,avg
9,0.030000000000000006,292,79,unif
9,0.030000000000000006,283,79,max
9,0.030000000000000006,2279,51,bonf
9,0.030000000000000006,1949,103,innerprod
9,0.030000000000000006,460,79,avg
9,0.04000000000000001,691,79,unif
9,0.04000000000000001,279,79,max
9,0.04000000000000001,2230,51,bonf
9,0.04000000000000001,1905,103,innerprod
9,0.04000000000000001,448,79,avg
9,0.05000000000000001,472,79,unif
9,0.05000000000000001,279,79,max
9,0.05000000000000001,2072,103,bonf
9,0.05000000000000001,1656,103,innerprod
9,0.05000000000000001,448,79,avg
9,0.06000000000000001,280,79,unif
9,0.06000000000000001,125,79,max
9,0.06000000000000001,2072,103,bonf
9,0.06000000000000001,1544,103,innerprod
9,0.06000000000000001,448,79,avg
9,0.07,271,79,unif
9,0.07,125,79,max
9,0.07,1650,79,bonf
9,0.07,1451,103,innerprod
9,0.07,448,79,avg
9,0.08,455,79,unif
9,0.08,125,79,max
9,0.08,622,79,bonf
9,0.08,1444,103,innerprod
9,0.08,448,79,avg
9,0.09000000000000001,400,79,unif
9,0.09000000000000001,94,79,max
9,0.09000000000000001,622,79,bonf
9,0.09000000000000001,1431,103,innerprod
9,0.09000000000000001,448,79,avg
9,0.1,349,79,unif
9,0.1,94,79,max
9,0.1,605,79,bonf
9,0.1,1426,103,innerprod
9,0.1,439,79,avg
10,0.01,762,86,unif
10,0.01,360,86,max
10,0.01,2934,103,bonf
10,0.01,1898,104,innerprod
10,0.01,477,86,avg
10,0.020000000000000004,235,86,unif
10,0.020000000000000004,229,86,max
10,0.020000000000000004,2871,103,bonf
10,0.020000000000000004,1585,104,innerprod
10,0.020000000000000004,464,86,avg
10,0.030000000000000006,277,86,unif
10,0.030000000000000006,221,86,max
10,0.030000000000000006,2856,103,bonf
10,0.030000000000000006,1555,104,innerprod
10,0.030000000000000006,401,86,avg
10,0.04000000000000001,186,51,unif
10,0.04000000000000001,172,51,max
10,0.04000000000000001,1069,86,bonf
10,0.04000000000000001,1014,104,innerprod
10,0.04000000000000001,401,86,avg
10,0.05000000000000001,259,86,unif
10,0.05000000000000001,172,51,max
10,0.05000000000000001,721,86,bonf
10,0.05000000000000001,961,104,innerprod
10,0.05000000000000001,363,86,avg
10,0.06000000000000001,193,51,unif
10,0.06000000000000001,172,51,max
10,0.06000000000000001,721,86,bonf
10,0.06000000000000001,938,104,innerprod
10,0.06000000000000001,363,86,avg
10,0.07,203,51,unif
10,0.07,167,51,max
10,0.07,721,86,bonf
10,0.07,936,104,innerprod
10,0.07,363,86,avg
10,0.08,193,51,unif
10,0.08,167,51,max
10,0.08,711,86,bonf
10,0.08,928,104,innerprod
10,0.08,363,86,avg
10,0.09000000000000001,204,51,unif
10,0.09000000000000001,167,51,max
10,0.09000000000000001,711,86,bonf
10,0.09000000000000001,852,104,innerprod
10,0.09000000000000001,363,86,avg
10,0.1,189,51,unif
10,0.1,167,51,max
10,0.1,536,86,bonf
10,0.1,849,104,innerprod
10,0.1,363,86,avg
11,0.01,1610,103,unif
11,0.01,1086,103,max
11,0.01,1997,103,bonf
11,0.01,2008,103,innerprod
11,0.01,1564,51,avg
11,0.020000000000000004,949,103,unif
11,0.020000000000000004,716,46,max
11,0.020000000000000004,1929,103,bonf
11,0.020000000000000004,1929,103,innerprod
11,0.020000000000000004,1564,51,avg
11,0.030000000000000006,1087,103,unif
11,0.030000000000000006,42,104,max
11,0.030000000000000006,1881,103,bonf
11,0.030000000000000006,1842,103,innerprod
11,0.030000000000000006,1561,103,avg
11,0.04000000000000001,969,103,unif
11,0.04000000000000001,40,104,max
11,0.04000000000000001,1781,103,bonf
11,0.04000000000000001,1646,103,innerprod
11,0.04000000000000001,1561,103,avg
11,0.05000000000000001,736,5,unif
11,0.05000000000000001,33,104,max
11,0.05000000000000001,1774,51,bonf
11,0.05000000000000001,1639,103,innerprod
11,0.05000000000000001,1554,103,avg
11,0.06000000000000001,766,46,unif
11,0.06000000000000001,33,104,max
11,0.06000000000000001,1774,51,bonf
11,0.06000000000000001,1623,103,innerprod
11,0.06000000000000001,1158,103,avg
11,0.07,744,5,unif
11,0.07,31,104,max
11,0.07,1774,51,bonf
11,0.07,1565,103,innerprod
11,0.07,1090,103,avg
11,0.08,844,5,unif
11,0.08,31,104,max
11,0.08,1773,51,bonf
11,0.08,1554,103,innerprod
11,0.08,1090,103,avg
11,0.09000000000000001,59,52,unif
11,0.09000000000000001,31,104,max
11,0.09000000000000001,1773,51,bonf
11,0.09000000000000001,1525,103,innerprod
11,0.09000000000000001,1090,103,avg
11,0.1,728,5,unif
11,0.1,31,104,max
11,0.1,1773,51,bonf
11,0.1,1494,103,innerprod
11,0.1,1090,103,avg
12,0.01,463,103,unif
12,0.01,134,103,max
12,0.01,840,46,bonf
12,0.01,1309,103,innerprod
12,0.01,426,103,avg
12,0.020000000000000004,128,103,unif
12,0.020000000000000004,127,103,max
12,0.020000000000000004,746,46,bonf
12,0.020000000000000004,1005,103,innerprod
12,0.020000000000000004,426,103,avg
12,0.030000000000000006,402,103,unif
12,0.030000000000000006,72,103,max
12,0.030000000000000006,703,46,bonf
12,0.030000000000000006,976,103,innerprod
12,0.030000000000000006,417,103,avg
12,0.04000000000000001,145,80,unif
12,0.04000000000000001,66,103,max
12,0.04000000000000001,700,46,bonf
12,0.04000000000000001,925,103,innerprod
12,0.04000000000000001,417,103,avg
12,0.05000000000000001,358,103,unif
12,0.05000000000000001,66,103,max
12,0.05000000000000001,700,46,bonf
12,0.05000000000000001,914,103,innerprod
12,0.05000000000000001,417,103,avg
12,0.06000000000000001,138,80,unif
12,0.06000000000000001,66,103,max
12,0.06000000000000001,586,103,bonf
12,0.06000000000000001,890,103,innerprod
12,0.06000000000000001,134,103,avg
12,0.07,146,80,unif
12,0.07,58,103,max
12,0.07,586,103,bonf
12,0.07,845,103,innerprod
12,0.07,134,103,avg
12,0.08,107,80,unif
12,0.08,58,103,max
12,0.08,580,103,bonf
12,0.08,841,103,innerprod
12,0.08,134,103,avg
12,0.09000000000000001,141,46,unif
12,0.09000000000000001,58,103,max
12,0.09000000000000001,522,103,bonf
12,0.09000000000000001,795,103,innerprod
12,0.09000000000000001,134,103,avg
12,0.1,124,103,unif
12,0.1,58,103,max
12,0.1,497,103,bonf
12,0.1,789,103,innerprod
12,0.1,134,103,avg
13,0.01,3003,103,unif
13,0.01,2956,103,max
13,0.01,3605,103,bonf
13,0.01,3295,103,innerprod
13,0.01,3058,103,avg
13,0.020000000000000004,2983,103,unif
13,0.020000000000000004,2928,103,max
13,0.020000000000000004,3536,103,bonf
13,0.020000000000000004,2955,103,innerprod
13,0.020000000000000004,3055,103,avg
13,0.030000000000000006,2821,81,unif
13,0.030000000000000006,2730,103,max
13,0.030000000000000006,3506,103,bonf
13,0.030000000000000006,2928,103,innerprod
13,0.030000000000000006,3053,103,avg
13,0.04000000000000001,2792,103,unif
13,0.04000000000000001,2628,103,max
13,0.04000000000000001,3490,103,bonf
13,0.04000000000000001,2909,103,innerprod
13,0.04000000000000001,3053,103,avg
13,0.05000000000000001,2579,103,unif
13,0.05000000000000001,2578,103,max
13,0.05000000000000001,3298,103,bonf
13,0.05000000000000001,2805,103,innerprod
13,0.05000000000000001,2990,103,avg
13,0.06000000000000001,2743,103,unif
13,0.06000000000000001,1517,103,max
13,0.06000000000000001,3298,103,bonf
13,0.06000000000000001,2628,103,innerprod
13,0.06000000000000001,2990,103,avg
13,0.07,2160,88,unif
13,0.07,669,81,max
13,0.07,3288,103,bonf
13,0.07,2390,103,innerprod
13,0.07,2982,103,avg
13,0.08,2123,88,unif
13,0.08,669,81,max
13,0.08,3270,103,bonf
13,0.08,2378,103,innerprod
13,0.08,2975,103,avg
13,0.09000000000000001,698,81,unif
13,0.09000000000000001,305,47,max
13,0.09000000000000001,3270,103,bonf
13,0.09000000000000001,2310,103,innerprod
13,0.09000000000000001,2962,103,avg
13,0.1,706,81,unif
13,0.1,305,47,max
13,0.1,3210,103,bonf
13,0.1,2285,103,innerprod
13,0.1,2956,103,avg
14,0.01,735,103,unif
14,0.01,707,103,max
14,0.01,1616,103,bonf
14,0.01,1762,103,innerprod
14,0.01,912,103,avg
14,0.020000000000000004,719,103,unif
14,0.020000000000000004,649,103,max
14,0.020000000000000004,1519,103,bonf
14,0.020000000000000004,1704,103,innerprod
14,0.020000000000000004,896,103,avg
14,0.030000000000000006,753,103,unif
14,0.030000000000000006,588,103,max
14,0.030000000000000006,1430,103,bonf
14,0.030000000000000006,1683,103,innerprod
14,0.030000000000000006,711,103,avg
14,0.04000000000000001,738,103,unif
14,0.04000000000000001,315,103,max
14,0.04000000000000001,1417,103,bonf
14,0.04000000000000001,1677,103,innerprod
14,0.04000000000000001,711,103,avg
14,0.05000000000000001,556,103,unif
14,0.05000000000000001,292,103,max
14,0.05000000000000001,1414,103,bonf
14,0.05000000000000001,1669,103,innerprod
14,0.05000000000000001,711,103,avg
14,0.06000000000000001,663,103,unif
14,0.06000000000000001,172,10,max
14,0.06000000000000001,1411,103,bonf
14,0.06000000000000001,1616,103,innerprod
14,0.06000000000000001,711,103,avg
14,0.07,433,10,unif
14,0.07,172,10,max
14,0.07,1348,103,bonf
14,0.07,1615,103,innerprod
14,0.07,711,103,avg
14,0.08,401,10,unif
14,0.08,172,10,max
14,0.08,1316,103,bonf
14,0.08,1606,103,innerprod
14,0.08,710,103,avg
14,0.09000000000000001,516,10,unif
14,0.09000000000000001,172,10,max
14,0.09000000000000001,1316,103,bonf
14,0.09000000000000001,1568,103,innerprod
14,0.09000000000000001,710,103,avg
14,0.1,296,103,unif
14,0.1,172,10,max
14,0.1,1282,103,bonf
14,0.1,1525,103,innerprod
14,0.1,710,103,avg
15,0.01,1581,80,unif
15,0.01,1291,2,max
15,0.01,1973,80,bonf
15,0.01,1973,103,innerprod
15,0.01,1520,2,avg
15,0.020000000000000004,706,106,unif
15,0.020000000000000004,671,106,max
15,0.020000000000000004,1964,80,bonf
15,0.020000000000000004,1933,103,innerprod
15,0.020000000000000004,1511,2,avg
15,0.030000000000000006,807,106,unif
15,0.030000000000000006,602,106,max
15,0.030000000000000006,1962,80,bonf
15,0.030000000000000006,1880,103,innerprod
15,0.030000000000000006,1511,2,avg
15,0.04000000000000001,645,106,unif
15,0.04000000000000001,602,106,max
15,0.04000000000000001,1958,103,bonf
15,0.04000000000000001,1841,103,innerprod
15,0.04000000000000001,1441,2,avg
15,0.05000000000000001,682,106,unif
15,0.05000000000000001,594,106,max
15,0.05000000000000001,1949,103,bonf
15,0.05000000000000001,1710,103,innerprod
15,0.05000000000000001,1363,2,avg
15,0.06000000000000001,727,106,unif
15,0.06000000000000001,594,106,max
15,0.06000000000000001,1949,103,bonf
15,0.06000000000000001,1699,103,innerprod
15,0.06000000000000001,1291,2,avg
15,0.07,493,106,unif
15,0.07,489,106,max
15,0.07,1949,103,bonf
15,0.07,1653,103,innerprod
15,0.07,1291,2,avg
15,0.08,498,106,unif
15,0.08,489,106,max
15,0.08,1948,103,bonf
15,0.08,1650,103,innerprod
15,0.08,1291,2,avg
15,0.09000000000000001,556,106,unif
15,0.09000000000000001,373,11,max
15,0.09000000000000001,1942,103,bonf
15,0.09000000000000001,1642,103,innerprod
15,0.09000000000000001,1274,6,avg
15,0.1,506,106,unif
15,0.1,373,11,max
15,0.1,1935,103,bonf
15,0.1,1616,103,innerprod
15,0.1,1274,6,avg
16,0.01,1640,51,unif
16,0.01,1203,51,max
16,0.01,2850,103,bonf
16,0.01,3113,103,innerprod
16,0.01,1650,51,avg
16,0.020000000000000004,1237,51,unif
16,0.020000000000000004,1189,51,max
16,0.020000000000000004,2473,103,bonf
16,0.020000000000000004,3017,103,innerprod
16,0.020000000000000004,1635,51,avg
16,0.030000000000000006,1219,51,unif
16,0.030000000000000006,1187,51,max
16,0.030000000000000006,2280,103,bonf
16,0.030000000000000006,2878,103,innerprod
16,0.030000000000000006,1635,51,avg
16,0.04000000000000001,1221,51,unif
16,0.04000000000000001,1158,25,max
16,0.04000000000000001,2276,103,bonf
16,0.04000000000000001,2758,103,innerprod
16,0.04000000000000001,1611,51,avg
16,0.05000000000000001,1158,25,unif
16,0.05000000000000001,559,10,max
16,0.05000000000000001,2275,103,bonf
16,0.05000000000000001,2752,103,innerprod
16,0.05000000000000001,1611,51,avg
16,0.06000000000000001,1261,51,unif
16,0.06000000000000001,559,10,max
16,0.06000000000000001,1671,51,bonf
16,0.06000000000000001,2473,103,innerprod
16,0.06000000000000001,1611,51,avg
16,0.07,584,10,unif
16,0.07,559,10,max
16,0.07,1671,51,bonf
16,0.07,2471,103,innerprod
16,0.07,1611,51,avg
16,0.08,586,10,unif
16,0.08,556,10,max
16,0.08,1663,51,bonf
16,0.08,2459,103,innerprod
16,0.08,1226,51,avg
16,0.09000000000000001,1097,51,unif
16,0.09000000000000001,556,10,max
16,0.09000000000000001,1663,51,bonf
16,0.09000000000000001,2451,103,innerprod
16,0.09000000000000001,1226,51,avg
16,0.1,604,46,unif
16,0.1,99,46,max
16,0.1,1663,51,bonf
16,0.1,2421,103,innerprod
16,0.1,1226,51,avg
17,0.01,1981,46,unif
17,0.01,1599,46,max
17,0.01,2248,103,bonf
17,0.01,2092,103,innerprod
17,0.01,1844,103,avg
17,0.020000000000000004,1596,46,unif
17,0.020000000000000004,428,46,max
17,0.020000000000000004,2203,103,bonf
17,0.020000000000000004,1977,103,innerprod
17,0.020000000000000004,1841,103,avg
17,0.030000000000000006,1095,11,unif
17,0.030000000000000006,400,46,max
17,0.030000000000000006,2200,103,bonf
17,0.030000000000000006,1844,103,innerprod
17,0.030000000000000006,1606,46,avg
17,0.04000000000000001,1128,11,unif
17,0.04000000000000001,400,46,max
17,0.04000000000000001,2186,103,bonf
17,0.04000000000000001,1834,103,innerprod
17,0.04000000000000001,1606,46,avg
17,0.05000000000000001,1003,11,unif
17,0.05000000000000001,399,46,max
17,0.05000000000000001,2181,103,bonf
17,0.05000000000000001,1820,103,innerprod
17,0.05000000000000001,1606,46,avg
17,0.06000000000000001,403,46,unif
17,0.06000000000000001,393,46,max
17,0.06000000000000001,2180,103,bonf
17,0.06000000000000001,1606,103,innerprod
17,0.06000000000000001,1599,46,avg
17,0.07,451,46,unif
17,0.07,318,46,max
17,0.07,2174,103,bonf
17,0.07,1599,103,innerprod
17,0.07,1599,46,avg
17,0.08,439,46,unif
17,0.08,318,46,max
17,0.08,2174,103,bonf
17,0.08,1598,103,innerprod
17,0.08,1599,46,avg
17,0.09000000000000001,482,46,unif
17,0.09000000000000001,318,46,max
17,0.09000000000000001,2130,103,bonf
17,0.09000000000000001,1559,103,innerprod
17,0.09000000000000001,1598,46,avg
17,0.1,455,46,unif
17,0.1,318,46,max
17,0.1,2130,103,bonf
17,0.1,1551,103,innerprod
17,0.1,1598,46,avg
18,0.01,512,80,unif
18,0.01,476,80,max
18,0.01,1087,103,bonf
18,0.01,1921,103,innerprod
18,0.01,612,103,avg
18,0.020000000000000004,476,103,unif
18,0.020000000000000004,448,103,max
18,0.020000000000000004,1036,103,bonf
18,0.020000000000000004,1769,103,innerprod
18,0.020000000000000004,612,103,avg
18,0.030000000000000006,521,103,unif
18,0.030000000000000006,260,103,max
18,0.030000000000000006,1031,103,bonf
18,0.030000000000000006,1704,103,innerprod
18,0.030000000000000006,515,103,avg
18,0.04000000000000001,464,103,unif
18,0.04000000000000001,253,80,max
18,0.04000000000000001,1030,103,bonf
18,0.04000000000000001,1619,103,innerprod
18,0.04000000000000001,512,103,avg
18,0.05000000000000001,492,80,unif
18,0.05000000000000001,238,80,max
18,0.05000000000000001,992,103,bonf
18,0.05000000000000001,1597,103,innerprod
18,0.05000000000000001,512,103,avg
18,0.06000000000000001,255,103,unif
18,0.06000000000000001,238,80,max
18,0.06000000000000001,992,103,bonf
18,0.06000000000000001,1248,103,innerprod
18,0.06000000000000001,505,80,avg
18,0.07,277,80,unif
18,0.07,238,80,max
18,0.07,990,103,bonf
18,0.07,1125,103,innerprod
18,0.07,505,80,avg
18,0.08,455,80,unif
18,0.08,231,80,max
18,0.08,990,103,bonf
18,0.08,1119,103,innerprod
18,0.08,505,80,avg
18,0.09000000000000001,477,103,unif
18,0.09000000000000001,231,80,max
18,0.09000000000000001,985,103,bonf
18,0.09000000000000001,1115,103,innerprod
18,0.09000000000000001,480,80,avg
18,0.1,274,80,unif
18,0.1,231,80,max
18,0.1,979,103,bonf
18,0.1,1089,103,innerprod
18,0.1,480,80,avg
19,0.01,1511,51,unif
19,0.01,1332,51,max
19,0.01,3092,86,bonf
19,0.01,2648,103,innerprod
19,0.01,1756,103,avg
19,0.020000000000000004,1347,51,unif
19,0.020000000000000004,1136,51,max
19,0.020000000000000004,2364,86,bonf
19,0.020000000000000004,2205,103,innerprod
19,0.020000000000000004,1404,51,avg
19,0.030000000000000006,1306,51,unif
19,0.030000000000000006,1060,51,max
19,0.030000000000000006,2157,86,bonf
19,0.030000000000000006,2135,103,innerprod
19,0.030000000000000006,1404,51,avg
19,0.04000000000000001,1222,29,unif
19,0.04000000000000001,1049,29,max
19,0.04000000000000001,2141,86,bonf
19,0.04000000000000001,2109,103,innerprod
19,0.04000000000000001,1360,51,avg
19,0.05000000000000001,1054,29,unif
19,0.05000000000000001,1025,29,max
19,0.05000000000000001,2141,86,bonf
19,0.05000000000000001,2096,103,innerprod
19,0.05000000000000001,1360,51,avg
19,0.06000000000000001,1027,29,unif
19,0.06000000000000001,1025,29,max
19,0.06000000000000001,2134,86,bonf
19,0.06000000000000001,2060,103,innerprod
19,0.06000000000000001,1354,51,avg
19,0.07,1074,51,unif
19,0.07,495,81,max
19,0.07,2116,86,bonf
19,0.07,2048,103,innerprod
19,0.07,1354,51,avg
19,0.08,1172,29,unif
19,0.08,495,81,max
19,0.08,2116,86,bonf
19,0.08,2004,103,innerprod
19,0.08,1354,51,avg
19,0.09000000000000001,456,81,unif
19,0.09000000000000001,294,4,max
19,0.09000000000000001,2110,103,bonf
19,0.09000000000000001,1999,103,innerprod
19,0.09000000000000001,1354,51,avg
19,0.1,455,81,unif
19,0.1,294,4,max
19,0.1,2109,86,bonf
19,0.1,1998,103,innerprod
19,0.1,1354,51,avg
20,0.01,2101,86,unif
20,0.01,2003,86,max
20,0.01,3311,103,bonf
20,0.01,2841,103,innerprod
20,0.01,2122,86,avg
20,0.020000000000000004,2132,86,unif
20,0.020000000000000004,1984,86,max
20,0.020000000000000004,3116,80,bonf
20,0.020000000000000004,2647,103,innerprod
20,0.020000000000000004,2116,86,avg
20,0.030000000000000006,2006,86,unif
20,0.030000000000000006,1867,80,max
20,0.030000000000000006,3070,80,bonf
20,0.030000000000000006,2582,103,innerprod
20,0.030000000000000006,2068,86,avg
20,0.04000000000000001,1974,86,unif
20,0.04000000000000001,1815,86,max
20,0.04000000000000001,2912,80,bonf
20,0.04000000000000001,2245,103,innerprod
20,0.04000000000000001,2068,86,avg
20,0.05000000000000001,1875,80,unif
20,0.05000000000000001,316,33,max
20,0.05000000000000001,2851,80,bonf
20,0.05000000000000001,2165,104,innerprod
20,0.05000000000000001,2068,86,avg
20,0.06000000000000001,1821,82,unif
20,0.06000000000000001,302,33,max
20,0.06000000000000001,2851,80,bonf
20,0.06000000000000001,2145,104,innerprod
20,0.06000000000000001,2068,86,avg
20,0.07,1344,11,unif
20,0.07,286,33,max
20,0.07,2848,80,bonf
20,0.07,2120,104,innerprod
20,0.07,2060,86,avg
20,0.08,945,11,unif
20,0.08,286,33,max
20,0.08,2568,86,bonf
20,0.08,2112,104,innerprod
20,0.08,2016,86,avg
20,0.09000000000000001,286,33,unif
20,0.09000000000000001,286,33,max
20,0.09000000000000001,2568,86,bonf
20,0.09000000000000001,2104,104,innerprod
20,0.09000000000000001,2016,86,avg
20,0.1,477,33,unif
20,0.1,277,33,max
20,0.1,2245,86,bonf
20,0.1,2019,104,innerprod
20,0.1,2016,86,avg
21,0.01,1426,86,unif
21,0.01,1376,86,max
21,0.01,3640,51,bonf
21,0.01,3021,103,innerprod
21,0.01,2926,51,avg
21,0.020000000000000004,1094,86,unif
21,0.020000000000000004,984,86,max
21,0.020000000000000004,3578,51,bonf
21,0.020000000000000004,2532,103,innerprod
21,0.020000000000000004,2898,51,avg
21,0.030000000000000006,1024,86,unif
21,0.030000000000000006,100,51,max
21,0.030000000000000006,3570,51,bonf
21,0.030000000000000006,2470,103,innerprod
21,0.030000000000000006,2887,51,avg
21,0.04000000000000001,1097,86,unif
21,0.04000000000000001,93,51,max
21,0.04000000000000001,3498,51,bonf
21,0.04000000000000001,2142,104,innerprod
21,0.04000000000000001,2860,51,avg
21,0.05000000000000001,1049,86,unif
21,0.05000000000000001,93,51,max
21,0.05000000000000001,3483,51,bonf
21,0.05000000000000001,2084,104,innerprod
21,0.05000000000000001,2829,51,avg
21,0.06000000000000001,1050,86,unif
21,0.06000000000000001,89,51,max
21,0.06000000000000001,3437,51,bonf
21,0.06000000000000001,1436,104,innerprod
21,0.06000000000000001,2829,51,avg
21,0.07,915,86,unif
21,0.07,89,51,max
21,0.07,3437,51,bonf
21,0.07,1380,104,innerprod
21,0.07,2829,51,avg
21,0.08,176,51,unif
21,0.08,89,51,max
21,0.08,3433,51,bonf
21,0.08,1365,104,innerprod
21,0.08,2829,51,avg
21,0.09000000000000001,781,80,unif
21,0.09000000000000001,41,51,max
21,0.09000000000000001,3263,103,bonf
21,0.09000000000000001,1362,104,innerprod
21,0.09000000000000001,2825,51,avg
21,0.1,89,79,unif
21,0.1,41,51,max
21,0.1,3257,103,bonf
21,0.1,1360,104,innerprod
21,0.1,2825,51,avg
22,0.01,1606,51,unif
22,0.01,825,103,max
22,0.01,1399,103,bonf
22,0.01,1816,103,innerprod
22,0.01,982,103,avg
22,0.020000000000000004,876,103,unif
22,0.020000000000000004,812,103,max
22,0.020000000000000004,1388,103,bonf
22,0.020000000000000004,1728,103,innerprod
22,0.020000000000000004,977,103,avg
22,0.030000000000000006,575,81,unif
22,0.030000000000000006,561,81,max
22,0.030000000000000006,1322,103,bonf
22,0.030000000000000006,1696,103,innerprod
22,0.030000000000000006,977,103,avg
22,0.04000000000000001,720,103,unif
22,0.04000000000000001,561,81,max
22,0.04000000000000001,1187,103,bonf
22,0.04000000000000001,1677,103,innerprod
22,0.04000000000000001,977,103,avg
22,0.05000000000000001,930,103,unif
22,0.05000000000000001,560,81,max
22,0.05000000000000001,1094,103,bonf
22,0.05000000000000001,1642,103,innerprod
22,0.05000000000000001,898,103,avg
22,0.06000000000000001,839,103,unif
22,0.06000000000000001,95,103,max
22,0.06000000000000001,1094,103,bonf
22,0.06000000000000001,1607,103,innerprod
22,0.06000000000000001,898,103,avg
22,0.07,565,105,unif
22,0.07,95,103,max
22,0.07,1054,103,bonf
22,0.07,1594,103,innerprod
22,0.07,898,103,avg
22,0.08,545,105,unif
22,0.08,95,103,max
22,0.08,1054,103,bonf
22,0.08,1562,103,innerprod
22,0.08,898,103,avg
22,0.09000000000000001,562,105,unif
22,0.09000000000000001,92,103,max
22,0.09000000000000001,1054,103,bonf
22,0.09000000000000001,1505,103,innerprod
22,0.09000000000000001,849,103,avg
22,0.1,587,30,unif
22,0.1,92,103,max
22,0.1,1052,103,bonf
22,0.1,1468,103,innerprod
22,0.1,849,103,avg
23,0.01,1673,103,unif
23,0.01,1285,103,max
23,0.01,2056,103,bonf
23,0.01,2056,103,innerprod
23,0.01,1433,103,avg
23,0.020000000000000004,1342,103,unif
23,0.020000000000000004,1132,103,max
23,0.020000000000000004,1890,103,bonf
23,0.020000000000000004,1875,103,innerprod
23,0.020000000000000004,1432,103,avg
23,0.030000000000000006,1296,103,unif
23,0.030000000000000006,1128,103,max
23,0.030000000000000006,1865,103,bonf
23,0.030000000000000006,1819,103,innerprod
23,0.030000000000000006,1428,103,avg
23,0.04000000000000001,1308,103,unif
23,0.04000000000000001,1100,103,max
23,0.04000000000000001,1852,103,bonf
23,0.04000000000000001,1650,103,innerprod
23,0.04000000000000001,1428,103,avg
23,0.05000000000000001,1130,103,unif
23,0.05000000000000001,1095,103,max
23,0.05000000000000001,1837,103,bonf
23,0.05000000000000001,1646,103,innerprod
23,0.05000000000000001,1428,103,avg
23,0.06000000000000001,1523,103,unif
23,0.06000000000000001,727,103,max
23,0.06000000000000001,1653,103,bonf
23,0.06000000000000001,1553,103,innerprod
23,0.06000000000000001,1428,103,avg
23,0.07,1115,103,unif
23,0.07,720,103,max
23,0.07,1653,103,bonf
23,0.07,1544,103,innerprod
23,0.07,1427,103,avg
23,0.08,805,29,unif
23,0.08,680,29,max
23,0.08,1650,103,bonf
23,0.08,1539,103,innerprod
23,0.08,1427,103,avg
23,0.09000000000000001,1132,103,unif
23,0.09000000000000001,680,29,max
23,0.09000000000000001,1650,103,bonf
23,0.09000000000000001,1537,103,innerprod
23,0.09000000000000001,1427,103,avg
23,0.1,1155,103,unif
23,0.1,680,29,max
23,0.1,1650,103,bonf
23,0.1,1434,103,innerprod
23,0.1,1427,103,avg
24,0.01,977,7,unif
24,0.01,768,103,max
24,0.01,2688,103,bonf
24,0.01,1452,103,innerprod
24,0.01,1004,103,avg
24,0.020000000000000004,644,80,unif
24,0.020000000000000004,592,80,max
24,0.020000000000000004,2655,103,bonf
24,0.020000000000000004,1163,103,innerprod
24,0.020000000000000004,999,103,avg
24,0.030000000000000006,764,80,unif
24,0.030000000000000006,242,47,max
24,0.030000000000000006,2557,103,bonf
24,0.030000000000000006,1014,103,innerprod
24,0.030000000000000006,984,7,avg
24,0.04000000000000001,641,80,unif
24,0.04000000000000001,241,47,max
24,0.04000000000000001,2354,103,bonf
24,0.04000000000000001,984,103,innerprod
24,0.04000000000000001,982,7,avg
24,0.05000000000000001,328,51,unif
24,0.05000000000000001,241,47,max
24,0.05000000000000001,2354,103,bonf
24,0.05000000000000001,977,103,innerprod
24,0.05000000000000001,768,103,avg
24,0.06000000000000001,463,86,unif
24,0.06000000000000001,173,47,max
24,0.06000000000000001,2344,103,bonf
24,0.06000000000000001,945,103,innerprod
24,0.06000000000000001,768,103,avg
24,0.07,454,12,unif
24,0.07,100,47,max
24,0.07,2329,103,bonf
24,0.07,768,103,innerprod
24,0.07,768,103,avg
24,0.08,176,47,unif
24,0.08,67,47,max
24,0.08,2317,103,bonf
24,0.08,746,103,innerprod
24,0.08,767,103,avg
24,0.09000000000000001,257,47,unif
24,0.09000000000000001,67,47,max
24,0.09000000000000001,2317,103,bonf
24,0.09000000000000001,739,103,innerprod
24,0.09000000000000001,767,103,avg
24,0.1,104,47,unif
24,0.1,67,47,max
24,0.1,2313,103,bonf
24,0.1,665,104,innerprod
24,0.1,743,80,avg
25,0.01,1355,51,unif
25,0.01,1336,30,max
25,0.01,2697,103,bonf
25,0.01,2702,103,innerprod
25,0.01,2143,51,avg
25,0.020000000000000004,1355,103,unif
25,0.020000000000000004,1321,103,max
25,0.020000000000000004,2673,103,bonf
25,0.020000000000000004,2596,103,innerprod
25,0.020000000000000004,1345,103,avg
25,0.030000000000000006,1333,30,unif
25,0.030000000000000006,1059,51,max
25,0.030000000000000006,2672,103,bonf
25,0.030000000000000006,2542,103,innerprod
25,0.030000000000000006,1339,103,avg
25,0.04000000000000001,1239,51,unif
25,0.04000000000000001,925,51,max
25,0.04000000000000001,2671,103,bonf
25,0.04000000000000001,2473,103,innerprod
25,0.04000000000000001,1336,30,avg
25,0.05000000000000001,1212,51,unif
25,0.05000000000000001,925,51,max
25,0.05000000000000001,2668,103,bonf
25,0.05000000000000001,2441,103,innerprod
25,0.05000000000000001,1336,30,avg
25,0.06000000000000001,1174,51,unif
25,0.06000000000000001,919,51,max
25,0.06000000000000001,2597,103,bonf
25,0.06000000000000001,2345,103,innerprod
25,0.06000000000000001,1336,30,avg
25,0.07,931,51,unif
25,0.07,707,51,max
25,0.07,2597,103,bonf
25,0.07,2278,103,innerprod
25,0.07,1336,30,avg
25,0.08,949,51,unif
25,0.08,642,51,max
25,0.08,2596,103,bonf
25,0.08,2277,103,innerprod
25,0.08,1336,30,avg
25,0.09000000000000001,931,51,unif
25,0.09000000000000001,642,51,max
25,0.09000000000000001,2596,103,bonf
25,0.09000000000000001,2252,103,innerprod
25,0.09000000000000001,1336,30,avg
25,0.1,663,51,unif
25,0.1,613,51,max
25,0.1,2581,103,bonf
25,0.1,2148,103,innerprod
25,0.1,1330,103,avg
26,0.01,674,46,unif
26,0.01,565,46,max
26,0.01,2734,103,bonf
26,0.01,1926,103,innerprod
26,0.01,588,46,avg
26,0.020000000000000004,595,46,unif
26,0.020000000000000004,504,46,max
26,0.020000000000000004,2361,103,bonf
26,0.020000000000000004,1380,103,innerprod
26,0.020000000000000004,579,46,avg
26,0.030000000000000006,621,46,unif
26,0.030000000000000006,326,46,max
26,0.030000000000000006,1417,103,bonf
26,0.030000000000000006,1310,103,innerprod
26,0.030000000000000006,579,46,avg
26,0.04000000000000001,545,46,unif
26,0.04000000000000001,326,46,max
26,0.04000000000000001,1414,103,bonf
26,0.04000000000000001,1299,103,innerprod
26,0.04000000000000001,579,46,avg
26,0.05000000000000001,526,46,unif
26,0.05000000000000001,110,104,max
26,0.05000000000000001,693,46,bonf
26,0.05000000000000001,1283,103,innerprod
26,0.05000000000000001,574,46,avg
26,0.06000000000000001,497,46,unif
26,0.06000000000000001,110,104,max
26,0.06000000000000001,693,46,bonf
26,0.06000000000000001,1270,103,innerprod
26,0.06000000000000001,574,46,avg
26,0.07,595,46,unif
26,0.07,104,104,max
26,0.07,693,46,bonf
26,0.07,1259,103,innerprod
26,0.07,574,46,avg
26,0.08,367,46,unif
26,0.08,104,104,max
26,0.08,688,46,bonf
26,0.08,1241,103,innerprod
26,0.08,574,46,avg
26,0.09000000000000001,351,46,unif
26,0.09000000000000001,101,104,max
26,0.09000000000000001,674,46,bonf
26,0.09000000000000001,1201,103,innerprod
26,0.09000000000000001,574,46,avg
26,0.1,508,46,unif
26,0.1,88,104,max
26,0.1,674,46,bonf
26,0.1,1195,103,innerprod
26,0.1,568,46,avg
27,0.01,2546,5,unif
27,0.01,2133,5,max
27,0.01,6495,80,bonf
27,0.01,4289,103,innerprod
27,0.01,2318,5,avg
27,0.020000000000000004,2131,5,unif
27,0.020000000000000004,1769,5,max
27,0.020000000000000004,6373,103,bonf
27,0.020000000000000004,3852,103,innerprod
27,0.020000000000000004,2304,5,avg
27,0.030000000000000006,1810,5,unif
27,0.030000000000000006,697,79,max
27,0.030000000000000006,6331,103,bonf
27,0.030000000000000006,3470,103,innerprod
27,0.030000000000000006,2170,5,avg
27,0.04000000000000001,1773,5,unif
27,0.04000000000000001,677,79,max
27,0.04000000000000001,6302,103,bonf
27,0.04000000000000001,3348,103,innerprod
27,0.04000000000000001,2170,5,avg
27,0.05000000000000001,1765,5,unif
27,0.05000000000000001,677,79,max
27,0.05000000000000001,6257,103,bonf
27,0.05000000000000001,3290,103,innerprod
27,0.05000000000000001,2170,5,avg
27,0.06000000000000001,775,79,unif
27,0.06000000000000001,673,79,max
27,0.06000000000000001,6255,103,bonf
27,0.06000000000000001,3013,103,innerprod
27,0.06000000000000001,2170,5,avg
27,0.07,1733,5,unif
27,0.07,673,79,max
27,0.07,2377,5,bonf
27,0.07,2680,103,innerprod
27,0.07,2170,5,avg
27,0.08,678,79,unif
27,0.08,419,34,max
27,0.08,2377,5,bonf
27,0.08,2678,103,innerprod
27,0.08,2165,5,avg
27,0.09000000000000001,704,79,unif
27,0.09000000000000001,419,34,max
27,0.09000000000000001,2377,5,bonf
27,0.09000000000000001,2620,103,innerprod
27,0.09000000000000001,2165,5,avg
27,0.1,767,79,unif
27,0.1,419,34,max
27,0.1,2377,5,bonf
27,0.1,2606,103,innerprod
27,0.1,2165,5,avg
28,0.01,1590,103,unif
28,0.01,1252,103,max
28,0.01,2399,103,bonf
28,0.01,2312,103,innerprod
28,0.01,1752,103,avg
28,0.020000000000000004,1239,103,unif
28,0.020000000000000004,1189,79,max
28,0.020000000000000004,2134,103,bonf
28,0.020000000000000004,2155,103,innerprod
28,0.020000000000000004,1623,103,avg
28,0.030000000000000006,1239,103,unif
28,0.030000000000000006,1056,80,max
28,0.030000000000000006,1895,103,bonf
28,0.030000000000000006,2123,103,innerprod
28,0.030000000000000006,1619,103,avg
28,0.04000000000000001,1064,80,unif
28,0.04000000000000001,1001,80,max
28,0.04000000000000001,1885,103,bonf
28,0.04000000000000001,2072,103,innerprod
28,0.04000000000000001,1259,103,avg
28,0.05000000000000001,1004,80,unif
28,0.05000000000000001,1001,80,max
28,0.05000000000000001,1840,103,bonf
28,0.05000000000000001,1918,103,innerprod
28,0.05000000000000001,1259,103,avg
28,0.06000000000000001,946,80,unif
28,0.06000000000000001,946,80,max
28,0.06000000000000001,1828,103,bonf
28,0.06000000000000001,1894,103,innerprod
28,0.06000000000000001,1259,103,avg
28,0.07,1147,79,unif
28,0.07,946,80,max
28,0.07,1828,103,bonf
28,0.07,1876,103,innerprod
28,0.07,1254,103,avg
28,0.08,1072,80,unif
28,0.08,929,80,max
28,0.08,1828,103,bonf
28,0.08,1861,103,innerprod
28,0.08,1254,103,avg
28,0.09000000000000001,1058,80,unif
28,0.09000000000000001,929,80,max
28,0.09000000000000001,1827,103,bonf
28,0.09000000000000001,1841,103,innerprod
28,0.09000000000000001,1254,103,avg
28,0.1,1081,80,unif
28,0.1,422,80,max
28,0.1,1827,103,bonf
28,0.1,1827,103,innerprod
28,0.1,1254,103,avg
29,0.01,474,103,unif
29,0.01,290,103,max
29,0.01,1708,103,bonf
29,0.01,1635,103,innerprod
29,0.01,490,103,avg
29,0.020000000000000004,362,25,unif
29,0.020000000000000004,285,103,max
29,0.020000000000000004,1009,103,bonf
29,0.020000000000000004,1399,103,innerprod
29,0.020000000000000004,484,103,avg
29,0.030000000000000006,452,103,unif
29,0.030000000000000006,199,103,max
29,0.030000000000000006,917,103,bonf
29,0.030000000000000006,1015,103,innerprod
29,0.030000000000000006,484,103,avg
29,0.04000000000000001,367,25,unif
29,0.04000000000000001,199,103,max
29,0.04000000000000001,916,103,bonf
29,0.04000000000000001,1007,103,innerprod
29,0.04000000000000001,473,103,avg
29,0.05000000000000001,374,25,unif
29,0.05000000000000001,197,103,max
29,0.05000000000000001,916,103,bonf
29,0.05000000000000001,916,103,innerprod
29,0.05000000000000001,363,103,avg
29,0.06000000000000001,312,103,unif
29,0.06000000000000001,197,103,max
29,0.06000000000000001,914,103,bonf
29,0.06000000000000001,910,103,innerprod
29,0.06000000000000001,359,75,avg
29,0.07,290,103,unif
29,0.07,169,75,max
29,0.07,891,103,bonf
29,0.07,891,103,innerprod
29,0.07,359,75,avg
29,0.08,188,75,unif
29,0.08,169,75,max
29,0.08,891,103,bonf
29,0.08,888,103,innerprod
29,0.08,298,103,avg
29,0.09000000000000001,215,103,unif
29,0.09000000000000001,169,75,max
29,0.09000000000000001,891,103,bonf
29,0.09000000000000001,877,103,innerprod
29,0.09000000000000001,292,103,avg
29,0.1,214,75,unif
29,0.1,169,75,max
29,0.1,889,103,bonf
29,0.1,745,103,innerprod
29,0.1,290,103,avg
30,0.01,403,103,unif
30,0.01,168,103,max
30,0.01,603,103,bonf
30,0.01,1271,103,innerprod
30,0.01,180,103,avg
30,0.020000000000000004,282,46,unif
30,0.020000000000000004,162,103,max
30,0.020000000000000004,577,103,bonf
30,0.020000000000000004,907,103,innerprod
30,0.020000000000000004,177,103,avg
30,0.030000000000000006,209,103,unif
30,0.030000000000000006,153,103,max
30,0.030000000000000006,576,103,bonf
30,0.030000000000000006,773,103,innerprod
30,0.030000000000000006,177,103,avg
30,0.04000000000000001,282,46,unif
30,0.04000000000000001,142,103,max
30,0.04000000000000001,476,103,bonf
30,0.04000000000000001,750,103,innerprod
30,0.04000000000000001,177,103,avg
30,0.05000000000000001,190,46,unif
30,0.05000000000000001,22,103,max
30,0.05000000000000001,460,103,bonf
30,0.05000000000000001,744,103,innerprod
30,0.05000000000000001,174,103,avg
30,0.06000000000000001,194,46,unif
30,0.06000000000000001,19,46,max
30,0.06000000000000001,460,103,bonf
30,0.06000000000000001,606,103,innerprod
30,0.06000000000000001,174,103,avg
30,0.07,180,103,unif
30,0.07,19,46,max
30,0.07,459,103,bonf
30,0.07,603,103,innerprod
30,0.07,174,103,avg
30,0.08,215,103,unif
30,0.08,19,46,max
30,0.08,306,103,bonf
30,0.08,579,103,innerprod
30,0.08,168,103,avg
30,0.09000000000000001,224,103,unif
30,0.09000000000000001,19,46,max
30,0.09000000000000001,306,103,bonf
30,0.09000000000000001,577,103,innerprod
30,0.09000000000000001,168,103,avg
30,0.1,33,103,unif
30,0.1,19,46,max
30,0.1,306,103,bonf
30,0.1,571,103,innerprod
30,0.1,168,103,avg
31,0.01,2781,86,unif
31,0.01,2699,86,max
31,0.01,4021,103,bonf
31,0.01,2745,103,innerprod
31,0.01,2727,86,avg
31,0.020000000000000004,2102,86,unif
31,0.020000000000000004,2008,86,max
31,0.020000000000000004,3988,103,bonf
31,0.020000000000000004,2669,103,innerprod
31,0.020000000000000004,2727,86,avg
31,0.030000000000000006,2099,86,unif
31,0.030000000000000006,2001,86,max
31,0.030000000000000006,3292,103,bonf
31,0.030000000000000006,2535,103,innerprod
31,0.030000000000000006,2726,86,avg
31,0.04000000000000001,2123,86,unif
31,0.04000000000000001,1995,86,max
31,0.04000000000000001,3269,103,bonf
31,0.04000000000000001,2501,103,innerprod
31,0.04000000000000001,2721,86,avg
31,0.05000000000000001,2005,86,unif
31,0.05000000000000001,1995,86,max
31,0.05000000000000001,3268,103,bonf
31,0.05000000000000001,2414,103,innerprod
31,0.05000000000000001,2716,103,avg
31,0.06000000000000001,2004,34,unif
31,0.06000000000000001,1974,34,max
31,0.06000000000000001,3268,103,bonf
31,0.06000000000000001,2389,103,innerprod
31,0.06000000000000001,2716,103,avg
31,0.07,2142,34,unif
31,0.07,1946,34,max
31,0.07,3266,103,bonf
31,0.07,2379,103,innerprod
31,0.07,2699,86,avg
31,0.08,1956,86,unif
31,0.08,1946,34,max
31,0.08,3266,103,bonf
31,0.08,2223,103,innerprod
31,0.08,2699,86,avg
31,0.09000000000000001,2117,86,unif
31,0.09000000000000001,1509,76,max
31,0.09000000000000001,3265,103,bonf
31,0.09000000000000001,2222,103,innerprod
31,0.09000000000000001,2699,86,avg
31,0.1,1975,34,unif
31,0.1,1509,76,max
31,0.1,3265,103,bonf
31,0.1,2220,103,innerprod
31,0.1,2699,86,avg
32,0.01,1403,46,unif
32,0.01,1246,46,max
32,0.01,4950,103,bonf
32,0.01,2058,103,innerprod
32,0.01,1926,103,avg
32,0.020000000000000004,1339,46,unif
32,0.020000000000000004,600,34,max
32,0.020000000000000004,3849,103,bonf
32,0.020000000000000004,1989,103,innerprod
32,0.020000000000000004,1885,103,avg
32,0.030000000000000006,936,46,unif
32,0.030000000000000006,349,47,max
32,0.030000000000000006,3834,103,bonf
32,0.030000000000000006,1880,103,innerprod
32,0.030000000000000006,1499,46,avg
32,0.04000000000000001,354,47,unif
32,0.04000000000000001,339,47,max
32,0.04000000000000001,2060,103,bonf
32,0.04000000000000001,1758,103,innerprod
32,0.04000000000000001,1498,46,avg
32,0.05000000000000001,576,74,unif
32,0.05000000000000001,318,47,max
32,0.05000000000000001,2060,103,bonf
32,0.05000000000000001,1746,103,innerprod
32,0.05000000000000001,1401,46,avg
32,0.06000000000000001,587,34,unif
32,0.06000000000000001,311,47,max
32,0.06000000000000001,2058,103,bonf
32,0.06000000000000001,1723,103,innerprod
32,0.06000000000000001,1401,46,avg
32,0.07,324,47,unif
32,0.07,311,47,max
32,0.07,2058,103,bonf
32,0.07,1401,103,innerprod
32,0.07,1401,46,avg
32,0.08,518,34,unif
32,0.08,304,47,max
32,0.08,2057,103,bonf
32,0.08,1353,103,innerprod
32,0.08,1342,46,avg
32,0.09000000000000001,604,34,unif
32,0.09000000000000001,163,79,max
32,0.09000000000000001,2057,103,bonf
32,0.09000000000000001,1342,103,innerprod
32,0.09000000000000001,1332,46,avg
32,0.1,591,34,unif
32,0.1,163,79,max
32,0.1,2054,103,bonf
32,0.1,1332,103,innerprod
32,0.1,1332,46,avg
33,0.01,1403,87,unif
33,0.01,1388,87,max
33,0.01,2352,103,bonf
33,0.01,1723,103,innerprod
33,0.01,1493,87,avg
33,0.020000000000000004,1487,35,unif
33,0.020000000000000004,1339,87,max
33,0.020000000000000004,2267,103,bonf
33,0.020000000000000004,1565,103,innerprod
33,0.020000000000000004,1408,87,avg
33,0.030000000000000006,1348,87,unif
33,0.030000000000000006,293,89,max
33,0.030000000000000006,2248,103,bonf
33,0.030000000000000006,1502,52,innerprod
33,0.030000000000000006,1408,87,avg
33,0.04000000000000001,325,89,unif
33,0.04000000000000001,171,89,max
33,0.04000000000000001,1930,103,bonf
33,0.04000000000000001,1393,103,innerprod
33,0.04000000000000001,1393,87,avg
33,0.05000000000000001,385,89,unif
33,0.05000000000000001,171,89,max
33,0.05000000000000001,1930,103,bonf
33,0.05000000000000001,1370,103,innerprod
33,0.05000000000000001,1393,87,avg
33,0.06000000000000001,220,89,unif
33,0.06000000000000001,155,89,max
33,0.06000000000000001,1892,103,bonf
33,0.06000000000000001,1357,103,innerprod
33,0.06000000000000001,1393,87,avg
33,0.07,270,37,unif
33,0.07,155,89,max
33,0.07,1892,103,bonf
33,0.07,1332,103,innerprod
33,0.07,1393,87,avg
33,0.08,192,89,unif
33,0.08,155,89,max
33,0.08,1890,103,bonf
33,0.08,1294,103,innerprod
33,0.08,1393,87,avg
33,0.09000000000000001,155,37,unif
33,0.09000000000000001,136,89,max
33,0.09000000000000001,1890,103,bonf
33,0.09000000000000001,1293,103,innerprod
33,0.09000000000000001,1393,87,avg
33,0.1,272,89,unif
33,0.1,6,108,max
33,0.1,1818,103,bonf
33,0.1,1279,103,innerprod
33,0.1,1393,87,avg
34,0.01,2177,103,unif
34,0.01,972,46,max
34,0.01,4110,103,bonf
34,0.01,3068,103,innerprod
34,0.01,2156,103,avg
34,0.020000000000000004,979,46,unif
34,0.020000000000000004,794,46,max
34,0.020000000000000004,4072,103,bonf
34,0.020000000000000004,2764,103,innerprod
34,0.020000000000000004,1169,46,avg
34,0.030000000000000006,866,46,unif
34,0.030000000000000006,778,46,max
34,0.030000000000000006,3432,103,bonf
34,0.030000000000000006,2445,103,innerprod
34,0.030000000000000006,1159,46,avg
34,0.04000000000000001,784,46,unif
34,0.04000000000000001,770,46,max
34,0.04000000000000001,3421,103,bonf
34,0.04000000000000001,2409,103,innerprod
34,0.04000000000000001,1159,46,avg
34,0.05000000000000001,921,46,unif
34,0.05000000000000001,757,46,max
34,0.05000000000000001,3418,103,bonf
34,0.05000000000000001,2156,103,innerprod
34,0.05000000000000001,1147,46,avg
34,0.06000000000000001,841,46,unif
34,0.06000000000000001,680,103,max
34,0.06000000000000001,3409,103,bonf
34,0.06000000000000001,2149,103,innerprod
34,0.06000000000000001,1147,46,avg
34,0.07,1059,46,unif
34,0.07,677,103,max
34,0.07,3409,103,bonf
34,0.07,2119,103,innerprod
34,0.07,1147,46,avg
34,0.08,856,46,unif
34,0.08,670,103,max
34,0.08,3407,103,bonf
34,0.08,2118,103,innerprod
34,0.08,1147,46,avg
34,0.09000000000000001,822,46,unif
34,0.09000000000000001,664,103,max
34,0.09000000000000001,3405,103,bonf
34,0.09000000000000001,2061,103,innerprod
34,0.09000000000000001,1147,46,avg
34,0.1,806,103,unif
34,0.1,664,103,max
34,0.1,3405,103,bonf
34,0.1,2041,103,innerprod
34,0.1,1147,46,avg
35,0.01,821,103,unif
35,0.01,201,103,max
35,0.01,2665,103,bonf
35,0.01,2060,103,innerprod
35,0.01,850,103,avg
35,0.020000000000000004,473,103,unif
35,0.020000000000000004,195,103,max
35,0.020000000000000004,2193,103,bonf
35,0.020000000000000004,1807,103,innerprod
35,0.020000000000000004,850,103,avg
35,0.030000000000000006,336,103,unif
35,0.030000000000000006,135,103,max
35,0.030000000000000006,1456,103,bonf
35,0.030000000000000006,1698,103,innerprod
35,0.030000000000000006,223,103,avg
35,0.04000000000000001,214,103,unif
35,0.04000000000000001,135,103,max
35,0.04000000000000001,1453,103,bonf
35,0.04000000000000001,1687,103,innerprod
35,0.04000000000000001,223,103,avg
35,0.05000000000000001,188,103,unif
35,0.05000000000000001,134,103,max
35,0.05000000000000001,1435,103,bonf
35,0.05000000000000001,1456,103,innerprod
35,0.05000000000000001,223,103,avg
35,0.06000000000000001,187,103,unif
35,0.06000000000000001,134,103,max
35,0.06000000000000001,1420,103,bonf
35,0.06000000000000001,1453,103,innerprod
35,0.06000000000000001,223,103,avg
35,0.07,168,103,unif
35,0.07,134,103,max
35,0.07,1318,103,bonf
35,0.07,1435,103,innerprod
35,0.07,223,103,avg
35,0.08,178,103,unif
35,0.08,134,103,max
35,0.08,1178,103,bonf
35,0.08,1420,103,innerprod
35,0.08,223,103,avg
35,0.09000000000000001,135,103,unif
35,0.09000000000000001,126,78,max
35,0.09000000000000001,1178,103,bonf
35,0.09000000000000001,1395,103,innerprod
35,0.09000000000000001,222,103,avg
35,0.1,157,103,unif
35,0.1,126,78,max
35,0.1,1178,103,bonf
35,0.1,1388,103,innerprod
35,0.1,222,103,avg
36,0.01,559,80,unif
36,0.01,183,52,max
36,0.01,753,80,bonf
36,0.01,1230,103,innerprod
36,0.01,201,52,avg
36,0.020000000000000004,615,80,unif
36,0.020000000000000004,180,52,max
36,0.020000000000000004,750,80,bonf
36,0.020000000000000004,1061,103,innerprod
36,0.020000000000000004,191,52,avg
36,0.030000000000000006,240,104,unif
36,0.030000000000000006,160,52,max
36,0.030000000000000006,745,80,bonf
36,0.030000000000000006,934,103,innerprod
36,0.030000000000000006,187,52,avg
36,0.04000000000000001,290,80,unif
36,0.04000000000000001,159,52,max
36,0.04000000000000001,723,80,bonf
36,0.04000000000000001,919,103,innerprod
36,0.04000000000000001,187,52,avg
36,0.05000000000000001,178,80,unif
36,0.05000000000000001,111,103,max
36,0.05000000000000001,723,80,bonf
36,0.05000000000000001,764,103,innerprod
36,0.05000000000000001,187,52,avg
36,0.06000000000000001,172,52,unif
36,0.06000000000000001,111,103,max
36,0.06000000000000001,723,80,bonf
36,0.06000000000000001,757,103,innerprod
36,0.06000000000000001,183,52,avg
36,0.07,227,85,unif
36,0.07,111,103,max
36,0.07,714,80,bonf
36,0.07,754,103,innerprod
36,0.07,183,52,avg
36,0.08,177,103,unif
36,0.08,111,103,max
36,0.08,714,80,bonf
36,0.08,753,103,innerprod
36,0.08,183,52,avg
36,0.09000000000000001,159,52,unif
36,0.09000000000000001,111,103,max
36,0.09000000000000001,714,80,bonf
36,0.09000000000000001,753,103,innerprod
36,0.09000000000000001,183,52,avg
36,0.1,186,85,unif
36,0.1,110,103,max
36,0.1,700,80,bonf
36,0.1,723,103,innerprod
36,0.1,183,52,avg
37,0.01,773,103,unif
37,0.01,766,103,max
37,0.01,2614,103,bonf
37,0.01,2500,103,innerprod
37,0.01,1003,103,avg
37,0.020000000000000004,778,51,unif
37,0.020000000000000004,763,103,max
37,0.020000000000000004,2571,103,bonf
37,0.020000000000000004,2170,103,innerprod
37,0.020000000000000004,788,103,avg
37,0.030000000000000006,799,103,unif
37,0.030000000000000006,762,103,max
37,0.030000000000000006,2536,103,bonf
37,0.030000000000000006,1867,103,innerprod
37,0.030000000000000006,788,103,avg
37,0.04000000000000001,820,103,unif
37,0.04000000000000001,228,78,max
37,0.04000000000000001,2509,103,bonf
37,0.04000000000000001,1834,103,innerprod
37,0.04000000000000001,788,103,avg
37,0.05000000000000001,920,103,unif
37,0.05000000000000001,228,78,max
37,0.05000000000000001,2503,103,bonf
37,0.05000000000000001,1705,103,innerprod
37,0.05000000000000001,780,103,avg
37,0.06000000000000001,763,103,unif
37,0.06000000000000001,220,4,max
37,0.06000000000000001,2352,6,bonf
37,0.06000000000000001,1695,103,innerprod
37,0.06000000000000001,774,103,avg
37,0.07,239,4,unif
37,0.07,220,4,max
37,0.07,2352,6,bonf
37,0.07,1636,103,innerprod
37,0.07,766,103,avg
37,0.08,762,51,unif
37,0.08,109,103,max
37,0.08,2165,6,bonf
37,0.08,1590,103,innerprod
37,0.08,766,103,avg
37,0.09000000000000001,799,51,unif
37,0.09000000000000001,109,103,max
37,0.09000000000000001,2105,6,bonf
37,0.09000000000000001,1588,103,innerprod
37,0.09000000000000001,766,103,avg
37,0.1,340,78,unif
37,0.1,109,103,max
37,0.1,2105,6,bonf
37,0.1,1328,103,innerprod
37,0.1,766,103,avg
38,0.01,561,103,unif
38,0.01,286,103,max
38,0.01,2142,103,bonf
38,0.01,2035,103,innerprod
38,0.01,567,103,avg
38,0.020000000000000004,285,103,unif
38,0.020000000000000004,280,103,max
38,0.020000000000000004,2138,103,bonf
38,0.020000000000000004,1985,103,innerprod
38,0.020000000000000004,555,103,avg
38,0.030000000000000006,458,103,unif
38,0.030000000000000006,279,103,max
38,0.030000000000000006,2125,103,bonf
38,0.030000000000000006,1701,103,innerprod
38,0.030000000000000006,555,103,avg
38,0.04000000000000001,382,46,unif
38,0.04000000000000001,279,103,max
38,0.04000000000000001,2036,103,bonf
38,0.04000000000000001,1662,103,innerprod
38,0.04000000000000001,449,103,avg
38,0.05000000000000001,285,103,unif
38,0.05000000000000001,279,103,max
38,0.05000000000000001,2036,103,bonf
38,0.05000000000000001,1604,103,innerprod
38,0.05000000000000001,449,103,avg
38,0.06000000000000001,283,46,unif
38,0.06000000000000001,278,103,max
38,0.06000000000000001,2035,103,bonf
38,0.06000000000000001,1570,103,innerprod
38,0.06000000000000001,449,103,avg
38,0.07,421,103,unif
38,0.07,278,103,max
38,0.07,2033,103,bonf
38,0.07,1346,103,innerprod
38,0.07,449,103,avg
38,0.08,334,103,unif
38,0.08,278,103,max
38,0.08,584,103,bonf
38,0.08,1329,103,innerprod
38,0.08,449,103,avg
38,0.09000000000000001,278,103,unif
38,0.09000000000000001,265,75,max
38,0.09000000000000001,576,103,bonf
38,0.09000000000000001,1297,103,innerprod
38,0.09000000000000001,430,103,avg
38,0.1,270,75,unif
38,0.1,255,11,max
38,0.1,576,103,bonf
38,0.1,1143,103,innerprod
38,0.1,286,103,avg
39,0.01,1666,46,unif
39,0.01,1585,46,max
39,0.01,2820,103,bonf
39,0.01,1741,103,innerprod
39,0.01,1615,46,avg
39,0.020000000000000004,1552,46,unif
39,0.020000000000000004,127,85,max
39,0.020000000000000004,2651,103,bonf
39,0.020000000000000004,1602,103,innerprod
39,0.020000000000000004,1615,46,avg
39,0.030000000000000006,129,85,unif
39,0.030000000000000006,89,85,max
39,0.030000000000000006,2634,103,bonf
39,0.030000000000000006,1555,103,innerprod
39,0.030000000000000006,1590,46,avg
39,0.04000000000000001,121,85,unif
39,0.04000000000000001,82,85,max
39,0.04000000000000001,2385,103,bonf
39,0.04000000000000001,1507,103,innerprod
39,0.04000000000000001,1590,46,avg
39,0.05000000000000001,113,85,unif
39,0.05000000000000001,76,85,max
39,0.05000000000000001,2382,103,bonf
39,0.05000000000000001,1493,103,innerprod
39,0.05000000000000001,1590,46,avg
39,0.06000000000000001,142,85,unif
39,0.06000000000000001,76,85,max
39,0.06000000000000001,2379,103,bonf
39,0.06000000000000001,1459,103,innerprod
39,0.06000000000000001,1587,103,avg
39,0.07,745,32,unif
39,0.07,76,85,max
39,0.07,2379,103,bonf
39,0.07,1420,103,innerprod
39,0.07,1585,46,avg
39,0.08,153,85,unif
39,0.08,55,52,max
39,0.08,2272,103,bonf
39,0.08,950,104,innerprod
39,0.08,1585,46,avg
39,0.09000000000000001,56,52,unif
39,0.09000000000000001,55,52,max
39,0.09000000000000001,2272,103,bonf
39,0.09000000000000001,945,104,innerprod
39,0.09000000000000001,1575,46,avg
39,0.1,108,85,unif
39,0.1,49,85,max
39,0.1,2268,103,bonf
39,0.1,872,104,innerprod
39,0.1,1573,46,avg
40,0.01,1479,103,unif
40,0.01,420,85,max
40,0.01,4874,103,bonf
40,0.01,2939,104,innerprod
40,0.01,438,103,avg
40,0.020000000000000004,1356,103,unif
40,0.020000000000000004,408,85,max
40,0.020000000000000004,4803,103,bonf
40,0.020000000000000004,2741,103,innerprod
40,0.020000000000000004,427,103,avg
40,0.030000000000000006,503,103,unif
40,0.030000000000000006,403,85,max
40,0.030000000000000006,4661,103,bonf
40,0.030000000000000006,2611,104,innerprod
40,0.030000000000000006,423,85,avg
40,0.04000000000000001,626,85,unif
40,0.04000000000000001,231,33,max
40,0.04000000000000001,4640,103,bonf
40,0.04000000000000001,2598,104,innerprod
40,0.04000000000000001,421,85,avg
40,0.05000000000000001,216,33,unif
40,0.05000000000000001,215,33,max
40,0.05000000000000001,4435,88,bonf
40,0.05000000000000001,2419,103,innerprod
40,0.05000000000000001,420,85,avg
40,0.06000000000000001,426,85,unif
40,0.06000000000000001,160,33,max
40,0.06000000000000001,3877,103,bonf
40,0.06000000000000001,2177,103,innerprod
40,0.06000000000000001,420,85,avg
40,0.07,431,103,unif
40,0.07,160,33,max
40,0.07,3869,103,bonf
40,0.07,2159,103,innerprod
40,0.07,420,85,avg
40,0.08,424,85,unif
40,0.08,160,33,max
40,0.08,3828,103,bonf
40,0.08,2067,103,innerprod
40,0.08,420,85,avg
40,0.09000000000000001,261,33,unif
40,0.09000000000000001,152,33,max
40,0.09000000000000001,3462,80,bonf
40,0.09000000000000001,2024,103,innerprod
40,0.09000000000000001,419,85,avg
40,0.1,411,85,unif
40,0.1,152,33,max
40,0.1,3462,80,bonf
40,0.1,1998,103,innerprod
40,0.1,419,85,avg
41,0.01,1147,87,unif
41,0.01,1125,87,max
41,0.01,2298,87,bonf
41,0.01,1719,103,innerprod
41,0.01,1175,87,avg
41,0.020000000000000004,1205,87,unif
41,0.020000000000000004,845,87,max
41,0.020000000000000004,2248,87,bonf
41,0.020000000000000004,1418,103,innerprod
41,0.020000000000000004,1158,87,avg
41,0.030000000000000006,986,35,unif
41,0.030000000000000006,594,5,max
41,0.030000000000000006,2147,87,bonf
41,0.030000000000000006,1373,103,innerprod
41,0.030000000000000006,1158,87,avg
41,0.04000000000000001,623,5,unif
41,0.04000000000000001,574,5,max
41,0.04000000000000001,2147,87,bonf
41,0.04000000000000001,1360,103,innerprod
41,0.04000000000000001,1158,87,avg
41,0.05000000000000001,204,30,unif
41,0.05000000000000001,201,30,max
41,0.05000000000000001,1957,103,bonf
41,0.05000000000000001,1356,103,innerprod
41,0.05000000000000001,1158,87,avg
41,0.06000000000000001,595,46,unif
41,0.06000000000000001,201,30,max
41,0.06000000000000001,1957,103,bonf
41,0.06000000000000001,1322,103,innerprod
41,0.06000000000000001,1136,87,avg
41,0.07,203,30,unif
41,0.07,201,30,max
41,0.07,1262,87,bonf
41,0.07,1320,103,innerprod
41,0.07,1136,87,avg
41,0.08,237,30,unif
41,0.08,201,30,max
41,0.08,1262,87,bonf
41,0.08,1196,103,innerprod
41,0.08,1136,87,avg
41,0.09000000000000001,328,30,unif
41,0.09000000000000001,179,30,max
41,0.09000000000000001,1262,87,bonf
41,0.09000000000000001,1140,103,innerprod
41,0.09000000000000001,1136,87,avg
41,0.1,182,30,unif
41,0.1,179,30,max
41,0.1,1240,87,bonf
41,0.1,1138,103,innerprod
41,0.1,1136,87,avg
42,0.01,1241,46,unif
42,0.01,176,103,max
42,0.01,2418,103,bonf
42,0.01,2047,103,innerprod
42,0.01,1106,46,avg
42,0.020000000000000004,1147,46,unif
42,0.020000000000000004,174,103,max
42,0.020000000000000004,2369,103,bonf
42,0.020000000000000004,1881,103,innerprod
42,0.020000000000000004,1100,46,avg
42,0.030000000000000006,1184,46,unif
42,0.030000000000000006,172,103,max
42,0.030000000000000006,1481,46,bonf
42,0.030000000000000006,1708,104,innerprod
42,0.030000000000000006,1091,46,avg
42,0.04000000000000001,770,2,unif
42,0.04000000000000001,168,46,max
42,0.04000000000000001,1474,46,bonf
42,0.04000000000000001,1683,103,innerprod
42,0.04000000000000001,1091,46,avg
42,0.05000000000000001,586,11,unif
42,0.05000000000000001,168,46,max
42,0.05000000000000001,1467,46,bonf
42,0.05000000000000001,1630,103,innerprod
42,0.05000000000000001,1091,46,avg
42,0.06000000000000001,642,11,unif
42,0.06000000000000001,168,46,max
42,0.06000000000000001,1467,46,bonf
42,0.06000000000000001,1564,103,innerprod
42,0.06000000000000001,1091,46,avg
42,0.07,216,103,unif
42,0.07,163,46,max
42,0.07,1378,46,bonf
42,0.07,1474,103,innerprod
42,0.07,1091,46,avg
42,0.08,357,103,unif
42,0.08,163,46,max
42,0.08,1378,46,bonf
42,0.08,1467,103,innerprod
42,0.08,1091,46,avg
42,0.09000000000000001,180,103,unif
42,0.09000000000000001,163,46,max
42,0.09000000000000001,1378,46,bonf
42,0.09000000000000001,1466,103,innerprod
42,0.09000000000000001,1090,46,avg
42,0.1,193,46,unif
42,0.1,163,46,max
42,0.1,1378,46,bonf
42,0.1,1461,103,innerprod
42,0.1,1090,46,avg
43,0.01,571,103,unif
43,0.01,557,103,max
43,0.01,1463,103,bonf
43,0.01,1303,103,innerprod
43,0.01,615,103,avg
43,0.020000000000000004,560,103,unif
43,0.020000000000000004,228,103,max
43,0.020000000000000004,1162,103,bonf
43,0.020000000000000004,1162,103,innerprod
43,0.020000000000000004,614,103,avg
43,0.030000000000000006,237,103,unif
43,0.030000000000000006,171,103,max
43,0.030000000000000006,877,103,bonf
43,0.030000000000000006,877,103,innerprod
43,0.030000000000000006,563,103,avg
43,0.04000000000000001,580,51,unif
43,0.04000000000000001,72,103,max
43,0.04000000000000001,868,103,bonf
43,0.04000000000000001,864,103,innerprod
43,0.04000000000000001,563,103,avg
43,0.05000000000000001,73,103,unif
43,0.05000000000000001,59,103,max
43,0.05000000000000001,868,103,bonf
43,0.05000000000000001,854,103,innerprod
43,0.05000000000000001,558,103,avg
43,0.06000000000000001,169,103,unif
43,0.06000000000000001,59,103,max
43,0.06000000000000001,866,103,bonf
43,0.06000000000000001,832,103,innerprod
43,0.06000000000000001,558,103,avg
43,0.07,332,51,unif
43,0.07,48,103,max
43,0.07,833,103,bonf
43,0.07,823,103,innerprod
43,0.07,558,103,avg
43,0.08,80,103,unif
43,0.08,48,103,max
43,0.08,833,103,bonf
43,0.08,721,103,innerprod
43,0.08,558,103,avg
43,0.09000000000000001,172,103,unif
43,0.09000000000000001,48,103,max
43,0.09000000000000001,833,103,bonf
43,0.09000000000000001,713,103,innerprod
43,0.09000000000000001,557,103,avg
43,0.1,295,51,unif
43,0.1,48,103,max
43,0.1,831,103,bonf
43,0.1,696,103,innerprod
43,0.1,557,103,avg
44,0.01,1333,103,unif
44,0.01,1192,103,max
44,0.01,3244,103,bonf
44,0.01,2764,103,innerprod
44,0.01,1212,103,avg
44,0.020000000000000004,1203,51,unif
44,0.020000000000000004,1182,103,max
44,0.020000000000000004,1503,51,bonf
44,0.020000000000000004,2496,103,innerprod
44,0.020000000000000004,1212,103,avg
44,0.030000000000000006,1130,30,unif
44,0.030000000000000006,766,30,max
44,0.030000000000000006,1255,103,bonf
44,0.030000000000000006,2336,103,innerprod
44,0.030000000000000006,1204,103,avg
44,0.04000000000000001,832,30,unif
44,0.04000000000000001,766,30,max
44,0.04000000000000001,1254,103,bonf
44,0.04000000000000001,2157,103,innerprod
44,0.04000000000000001,1204,103,avg
44,0.05000000000000001,823,30,unif
44,0.05000000000000001,735,30,max
44,0.05000000000000001,1251,103,bonf
44,0.05000000000000001,2152,103,innerprod
44,0.05000000000000001,1204,103,avg
44,0.06000000000000001,1181,30,unif
44,0.06000000000000001,632,30,max
44,0.06000000000000001,1245,103,bonf
44,0.06000000000000001,2145,103,innerprod
44,0.06000000000000001,1203,103,avg
44,0.07,876,30,unif
44,0.07,632,30,max
44,0.07,1245,103,bonf
44,0.07,1831,103,innerprod
44,0.07,1203,103,avg
44,0.08,981,30,unif
44,0.08,558,30,max
44,0.08,1241,103,bonf
44,0.08,1814,103,innerprod
44,0.08,1203,103,avg
44,0.09000000000000001,731,30,unif
44,0.09000000000000001,558,30,max
44,0.09000000000000001,1241,103,bonf
44,0.09000000000000001,1753,103,innerprod
44,0.09000000000000001,1203,103,avg
44,0.1,575,30,unif
44,0.1,558,30,max
44,0.1,1241,103,bonf
44,0.1,1619,103,innerprod
44,0.1,1203,103,avg
45,0.01,1941,103,unif
45,0.01,582,46,max
45,0.01,4168,103,bonf
45,0.01,1903,103,innerprod
45,0.01,1843,103,avg
45,0.020000000000000004,1809,103,unif
45,0.020000000000000004,564,46,max
45,0.020000000000000004,2851,103,bonf
45,0.020000000000000004,1683,103,innerprod
45,0.020000000000000004,1834,103,avg
45,0.030000000000000006,1722,103,unif
45,0.030000000000000006,557,46,max
45,0.030000000000000006,2848,103,bonf
45,0.030000000000000006,1648,103,innerprod
45,0.030000000000000006,1823,103,avg
45,0.04000000000000001,691,46,unif
45,0.04000000000000001,202,46,max
45,0.04000000000000001,2815,103,bonf
45,0.04000000000000001,1619,103,innerprod
45,0.04000000000000001,1823,103,avg
45,0.05000000000000001,657,46,unif
45,0.05000000000000001,194,46,max
45,0.05000000000000001,2815,103,bonf
45,0.05000000000000001,1547,103,innerprod
45,0.05000000000000001,1818,103,avg
45,0.06000000000000001,592,46,unif
45,0.06000000000000001,194,46,max
45,0.06000000000000001,2814,103,bonf
45,0.06000000000000001,1539,103,innerprod
45,0.06000000000000001,1810,103,avg
45,0.07,564,46,unif
45,0.07,188,46,max
45,0.07,2761,103,bonf
45,0.07,1529,103,innerprod
45,0.07,1810,103,avg
45,0.08,617,46,unif
45,0.08,188,46,max
45,0.08,2756,103,bonf
45,0.08,1526,103,innerprod
45,0.08,1810,103,avg
45,0.09000000000000001,559,103,unif
45,0.09000000000000001,188,46,max
45,0.09000000000000001,2714,103,bonf
45,0.09000000000000001,1379,103,innerprod
45,0.09000000000000001,1810,103,avg
45,0.1,217,46,unif
45,0.1,188,46,max
45,0.1,2714,103,bonf
45,0.1,1377,103,innerprod
45,0.1,583,46,avg
46,0.01,578,6,unif
46,0.01,459,80,max
46,0.01,1626,80,bonf
46,0.01,1651,103,innerprod
46,0.01,609,80,avg
46,0.020000000000000004,521,6,unif
46,0.020000000000000004,447,6,max
46,0.020000000000000004,1592,80,bonf
46,0.020000000000000004,1613,103,innerprod
46,0.020000000000000004,524,6,avg
46,0.030000000000000006,499,6,unif
46,0.030000000000000006,142,47,max
46,0.030000000000000006,1420,80,bonf
46,0.030000000000000006,1574,103,innerprod
46,0.030000000000000006,524,6,avg
46,0.04000000000000001,441,80,unif
46,0.04000000000000001,123,47,max
46,0.04000000000000001,708,80,bonf
46,0.04000000000000001,1547,103,innerprod
46,0.04000000000000001,524,6,avg
46,0.05000000000000001,481,80,unif
46,0.05000000000000001,114,47,max
46,0.05000000000000001,708,80,bonf
46,0.05000000000000001,1420,103,innerprod
46,0.05000000000000001,459,80,avg
46,0.06000000000000001,550,6,unif
46,0.06000000000000001,114,47,max
46,0.06000000000000001,654,80,bonf
46,0.06000000000000001,1395,103,innerprod
46,0.06000000000000001,459,80,avg
46,0.07,132,47,unif
46,0.07,114,47,max
46,0.07,654,80,bonf
46,0.07,1393,103,innerprod
46,0.07,459,80,avg
46,0.08,488,80,unif
46,0.08,112,47,max
46,0.08,654,80,bonf
46,0.08,1349,103,innerprod
46,0.08,459,80,avg
46,0.09000000000000001,148,47,unif
46,0.09000000000000001,112,47,max
46,0.09000000000000001,654,80,bonf
46,0.09000000000000001,1349,103,innerprod
46,0.09000000000000001,459,80,avg
46,0.1,112,47,unif
46,0.1,112,47,max
46,0.1,654,80,bonf
46,0.1,1337,103,innerprod
46,0.1,459,80,avg
47,0.01,2151,104,unif
47,0.01,1294,104,max
47,0.01,3888,103,bonf
47,0.01,2129,104,innerprod
47,0.01,2155,104,avg
47,0.020000000000000004,696,35,unif
47,0.020000000000000004,426,35,max
47,0.020000000000000004,3772,103,bonf
47,0.020000000000000004,1942,104,innerprod
47,0.020000000000000004,2154,104,avg
47,0.030000000000000006,439,35,unif
47,0.030000000000000006,426,35,max
47,0.030000000000000006,3754,103,bonf
47,0.030000000000000006,1817,104,innerprod
47,0.030000000000000006,2145,104,avg
47,0.04000000000000001,653,35,unif
47,0.04000000000000001,424,35,max
47,0.04000000000000001,3708,103,bonf
47,0.04000000000000001,1324,104,innerprod
47,0.04000000000000001,1294,104,avg
47,0.05000000000000001,654,35,unif
47,0.05000000000000001,424,35,max
47,0.05000000000000001,3706,103,bonf
47,0.05000000000000001,1266,104,innerprod
47,0.05000000000000001,1294,104,avg
47,0.06000000000000001,411,35,unif
47,0.06000000000000001,396,35,max
47,0.06000000000000001,3662,103,bonf
47,0.06000000000000001,1254,104,innerprod
47,0.06000000000000001,1294,104,avg
47,0.07,599,13,unif
47,0.07,396,35,max
47,0.07,3654,103,bonf
47,0.07,1121,104,innerprod
47,0.07,1290,104,avg
47,0.08,497,35,unif
47,0.08,363,35,max
47,0.08,3649,103,bonf
47,0.08,1066,104,innerprod
47,0.08,1290,104,avg
47,0.09000000000000001,432,87,unif
47,0.09000000000000001,363,35,max
47,0.09000000000000001,3646,103,bonf
47,0.09000000000000001,1029,104,innerprod
47,0.09000000000000001,1277,87,avg
47,0.1,452,35,unif
47,0.1,363,35,max
47,0.1,3639,103,bonf
47,0.1,1020,104,innerprod
47,0.1,1277,87,avg
48,0.01,809,46,unif
48,0.01,680,46,max
48,0.01,1654,103,bonf
48,0.01,1834,103,innerprod
48,0.01,787,46,avg
48,0.020000000000000004,846,103,unif
48,0.020000000000000004,676,46,max
48,0.020000000000000004,892,46,bonf
48,0.020000000000000004,1669,103,innerprod
48,0.020000000000000004,787,46,avg
48,0.030000000000000006,798,46,unif
48,0.030000000000000006,667,46,max
48,0.030000000000000006,885,46,bonf
48,0.030000000000000006,1638,103,innerprod
48,0.030000000000000006,765,46,avg
48,0.04000000000000001,749,46,unif
48,0.04000000000000001,665,46,max
48,0.04000000000000001,850,46,bonf
48,0.04000000000000001,1581,103,innerprod
48,0.04000000000000001,765,46,avg
48,0.05000000000000001,693,46,unif
48,0.05000000000000001,52,52,max
48,0.05000000000000001,808,46,bonf
48,0.05000000000000001,1566,103,innerprod
48,0.05000000000000001,753,46,avg
48,0.06000000000000001,656,46,unif
48,0.06000000000000001,52,52,max
48,0.06000000000000001,808,46,bonf
48,0.06000000000000001,1537,103,innerprod
48,0.06000000000000001,753,46,avg
48,0.07,647,46,unif
48,0.07,52,52,max
48,0.07,808,46,bonf
48,0.07,1534,103,innerprod
48,0.07,753,46,avg
48,0.08,669,46,unif
48,0.08,50,52,max
48,0.08,808,46,bonf
48,0.08,1520,103,innerprod
48,0.08,753,46,avg
48,0.09000000000000001,743,103,unif
48,0.09000000000000001,50,52,max
48,0.09000000000000001,807,46,bonf
48,0.09000000000000001,1468,103,innerprod
48,0.09000000000000001,753,46,avg
48,0.1,670,46,unif
48,0.1,33,52,max
48,0.1,807,46,bonf
48,0.1,1459,103,innerprod
48,0.1,753,46,avg
49,0.01,1541,103,unif
49,0.01,667,12,max
49,0.01,1706,103,bonf
49,0.01,1616,103,innerprod
49,0.01,1531,103,avg
49,0.020000000000000004,592,12,unif
49,0.020000000000000004,491,12,max
49,0.020000000000000004,1703,103,bonf
49,0.020000000000000004,1583,103,innerprod
49,0.020000000000000004,1496,103,avg
49,0.030000000000000006,776,12,unif
49,0.030000000000000006,491,12,max
49,0.030000000000000006,1661,103,bonf
49,0.030000000000000006,1510,104,innerprod
49,0.030000000000000006,1487,103,avg
49,0.04000000000000001,512,12,unif
49,0.04000000000000001,486,12,max
49,0.04000000000000001,1660,103,bonf
49,0.04000000000000001,1481,104,innerprod
49,0.04000000000000001,1477,103,avg
49,0.05000000000000001,541,12,unif
49,0.05000000000000001,154,103,max
49,0.05000000000000001,1615,103,bonf
49,0.05000000000000001,1475,104,innerprod
49,0.05000000000000001,1477,103,avg
49,0.06000000000000001,637,12,unif
49,0.06000000000000001,93,79,max
49,0.06000000000000001,1613,103,bonf
49,0.06000000000000001,1472,104,innerprod
49,0.06000000000000001,1475,103,avg
49,0.07,500,12,unif
49,0.07,77,66,max
49,0.07,1613,103,bonf
49,0.07,1469,104,innerprod
49,0.07,1474,12,avg
49,0.08,742,12,unif
49,0.08,77,66,max
49,0.08,1613,103,bonf
49,0.08,1220,104,innerprod
49,0.08,1474,12,avg
49,0.09000000000000001,932,12,unif
49,0.09000000000000001,77,66,max
49,0.09000000000000001,1603,103,bonf
49,0.09000000000000001,1215,104,innerprod
49,0.09000000000000001,922,12,avg
49,0.1,212,51,unif
49,0.1,77,66,max
49,0.1,1597,103,bonf
49,0.1,1212,104,innerprod
49,0.1,922,12,avg
